applicant_income,coapplicant_income,loan_amount,loan_term_months,credit_history,dependents,employment_status,property_area,approved
2779.0,2017.0,134000.0,360,0,3,self_employed,rural,0
2212.0,0.0,77000.0,300,1,1,salaried,semiurban,0
9194.0,4102.0,120000.0,360,1,0,self_employed,rural,1
15697.0,924.0,117000.0,360,1,0,self_employed,semiurban,0
3685.0,964.0,47000.0,240,0,3,salaried,urban,1
2416.0,976.0,113000.0,300,1,1,unemployed,rural,0
1528.0,0.0,138000.0,180,0,0,self_employed,semiurban,0
4138.0,0.0,145000.0,360,1,0,self_employed,urban,0
3991.0,0.0,115000.0,360,0,0,salaried,urban,0
3376.0,0.0,45000.0,240,1,0,salaried,semiurban,0
5222.0,1152.0,194000.0,360,0,0,salaried,urban,0
5696.0,3684.0,131000.0,120,1,0,unemployed,urban,0
5495.0,1917.0,63000.0,360,1,0,self_employed,urban,1
3992.0,4204.0,77000.0,360,0,0,self_employed,semiurban,1
2695.0,0.0,121000.0,360,1,0,salaried,urban,0
6522.0,1965.0,148000.0,360,1,0,salaried,semiurban,1
4704.0,1348.0,88000.0,180,0,2,salaried,urban,0
7289.0,1988.0,158000.0,360,1,0,salaried,urban,1
6940.0,3290.0,49000.0,360,0,2,self_employed,semiurban,0
2296.0,0.0,68000.0,180,1,2,self_employed,urban,0
2282.0,2872.0,43000.0,360,0,3,self_employed,semiurban,0
3204.0,1131.0,73000.0,120,1,0,salaried,urban,0
2757.0,3399.0,215000.0,360,1,0,unemployed,urban,0
6820.0,0.0,275000.0,240,0,1,self_employed,urban,0
5573.0,3627.0,121000.0,360,1,0,self_employed,semiurban,1
8100.0,0.0,82000.0,180,1,0,salaried,urban,1
5700.0,5795.0,99000.0,180,1,0,salaried,rural,1
5189.0,891.0,135000.0,360,1,1,salaried,urban,0
8517.0,0.0,54000.0,360,1,2,salaried,semiurban,1
5913.0,1298.0,84000.0,240,1,0,self_employed,semiurban,1
4837.0,758.0,208000.0,360,1,3,self_employed,urban,0
9801.0,0.0,68000.0,360,0,2,unemployed,semiurban,0
4952.0,3087.0,78000.0,360,1,0,salaried,urban,1
4015.0,1992.0,110000.0,240,1,0,salaried,semiurban,0
3075.0,0.0,124000.0,360,1,0,salaried,urban,0
6644.0,1524.0,82000.0,360,1,2,salaried,rural,1
8678.0,1315.0,113000.0,300,1,1,salaried,rural,1
4558.0,6344.0,143000.0,360,1,1,salaried,urban,1
8991.0,0.0,264000.0,360,0,1,salaried,semiurban,0
1746.0,792.0,103000.0,300,1,0,self_employed,semiurban,0
4547.0,3489.0,107000.0,300,1,3,salaried,urban,0
4582.0,0.0,217000.0,300,1,3,self_employed,rural,0
3250.0,0.0,85000.0,360,0,1,self_employed,semiurban,0
15397.0,0.0,60000.0,360,1,0,salaried,rural,1
4523.0,3613.0,122000.0,360,1,0,self_employed,rural,1
3813.0,4262.0,177000.0,360,0,0,self_employed,urban,0
4736.0,1387.0,128000.0,300,1,0,salaried,semiurban,1
1717.0,0.0,104000.0,120,1,1,salaried,semiurban,0
3197.0,3358.0,57000.0,240,1,2,self_employed,urban,1
7644.0,0.0,106000.0,180,1,3,salaried,urban,1
3414.0,744.0,190000.0,180,0,0,salaried,rural,0
3089.0,0.0,63000.0,360,1,0,salaried,urban,0
8998.0,0.0,98000.0,180,0,0,self_employed,semiurban,1
9137.0,3031.0,92000.0,180,1,3,self_employed,rural,1
6054.0,0.0,80000.0,300,0,2,self_employed,urban,0
3724.0,0.0,122000.0,240,0,0,self_employed,semiurban,0
4148.0,612.0,133000.0,180,1,1,salaried,rural,0
3127.0,926.0,133000.0,180,1,1,salaried,semiurban,1
2843.0,0.0,70000.0,240,1,0,salaried,urban,1
2773.0,1248.0,52000.0,360,0,0,salaried,urban,0
3432.0,2170.0,123000.0,360,1,0,self_employed,rural,1
2787.0,3006.0,87000.0,360,1,0,salaried,urban,1
2139.0,0.0,250000.0,360,0,1,salaried,semiurban,0
5217.0,1970.0,255000.0,360,0,0,self_employed,urban,0
5257.0,0.0,267000.0,360,1,1,self_employed,semiurban,1
10942.0,1118.0,71000.0,360,0,1,salaried,rural,1
3347.0,619.0,141000.0,360,1,1,salaried,semiurban,1
5421.0,0.0,161000.0,360,1,3,salaried,rural,0
5466.0,653.0,153000.0,300,0,0,salaried,urban,0
4118.0,2019.0,93000.0,300,1,1,salaried,semiurban,1
6783.0,1157.0,194000.0,180,1,0,salaried,rural,1
6889.0,0.0,109000.0,360,0,1,salaried,semiurban,1
5507.0,6736.0,116000.0,180,1,1,self_employed,urban,1
4114.0,1372.0,55000.0,360,1,0,salaried,rural,1
3910.0,635.0,146000.0,360,1,0,salaried,urban,1
2359.0,3747.0,97000.0,360,1,1,salaried,semiurban,0
3125.0,1200.0,134000.0,180,1,1,salaried,rural,0
3425.0,4286.0,121000.0,360,0,1,self_employed,urban,0
2665.0,1196.0,118000.0,300,1,0,salaried,urban,1
5825.0,1368.0,107000.0,360,1,1,self_employed,urban,1
8504.0,0.0,155000.0,360,1,1,self_employed,urban,1
2969.0,0.0,100000.0,360,1,0,salaried,urban,0
5387.0,3422.0,57000.0,360,1,1,self_employed,semiurban,1
2788.0,1877.0,141000.0,360,0,1,salaried,urban,0
4014.0,2893.0,76000.0,360,0,2,salaried,semiurban,0
3310.0,0.0,60000.0,180,1,0,salaried,urban,1
6317.0,2299.0,69000.0,240,0,0,self_employed,urban,0
3330.0,1808.0,124000.0,120,1,3,salaried,urban,1
7753.0,727.0,104000.0,360,1,2,salaried,semiurban,1
4135.0,3039.0,42000.0,360,1,0,salaried,semiurban,1
3379.0,2058.0,92000.0,360,1,2,salaried,urban,1
2498.0,1496.0,185000.0,360,0,0,self_employed,rural,0
5306.0,0.0,89000.0,360,1,2,salaried,semiurban,1
7314.0,0.0,101000.0,240,0,0,salaried,urban,0
5360.0,0.0,174000.0,180,1,0,salaried,rural,0
14320.0,0.0,156000.0,360,1,3,self_employed,urban,1
9556.0,2496.0,173000.0,360,1,0,salaried,urban,1
4009.0,0.0,31000.0,360,0,2,salaried,semiurban,0
3988.0,0.0,238000.0,240,1,0,salaried,urban,0
5913.0,0.0,145000.0,360,1,0,unemployed,urban,1
3075.0,0.0,330000.0,360,1,3,self_employed,semiurban,0
8376.0,3208.0,77000.0,360,1,1,self_employed,urban,1
5602.0,1740.0,49000.0,240,1,2,salaried,rural,1
5315.0,431.0,109000.0,360,0,2,unemployed,rural,0
6591.0,679.0,96000.0,360,1,0,self_employed,semiurban,1
11064.0,8404.0,146000.0,360,1,0,self_employed,semiurban,1
5092.0,930.0,177000.0,360,1,0,salaried,semiurban,0
4418.0,5426.0,105000.0,360,1,1,salaried,rural,1
9940.0,0.0,98000.0,360,1,0,salaried,urban,1
7584.0,0.0,138000.0,360,1,0,self_employed,urban,0
3982.0,0.0,97000.0,360,1,2,salaried,semiurban,1
4687.0,1125.0,94000.0,180,1,0,salaried,semiurban,1
5155.0,0.0,174000.0,180,1,1,salaried,urban,0
5602.0,0.0,192000.0,360,1,0,salaried,semiurban,1
2373.0,0.0,178000.0,120,1,0,salaried,urban,0
2162.0,0.0,101000.0,180,0,0,self_employed,rural,0
3000.0,3169.0,42000.0,360,0,0,self_employed,urban,1
2886.0,6034.0,102000.0,360,1,1,self_employed,urban,1
3388.0,0.0,78000.0,120,1,0,salaried,urban,0
6421.0,0.0,103000.0,300,1,2,self_employed,urban,1
4296.0,1302.0,81000.0,360,0,2,salaried,urban,0
5157.0,3411.0,108000.0,360,1,0,self_employed,urban,1
2535.0,2814.0,68000.0,360,1,2,salaried,urban,1
3711.0,946.0,61000.0,360,1,3,salaried,urban,1
6271.0,0.0,189000.0,240,1,0,salaried,urban,0
6295.0,0.0,71000.0,360,1,3,salaried,urban,1
3254.0,1100.0,109000.0,180,1,0,salaried,urban,0
5069.0,2567.0,168000.0,360,0,1,salaried,urban,0
14037.0,2214.0,165000.0,240,0,0,salaried,urban,0
4634.0,1899.0,156000.0,120,1,2,salaried,urban,0
3306.0,1905.0,125000.0,180,1,2,salaried,urban,0
4286.0,0.0,151000.0,360,0,3,unemployed,semiurban,0
4896.0,0.0,202000.0,240,0,3,salaried,rural,0
4335.0,2204.0,132000.0,240,0,0,salaried,rural,0
4602.0,0.0,48000.0,180,0,1,salaried,semiurban,0
2272.0,0.0,86000.0,360,1,0,salaried,semiurban,1
2889.0,745.0,149000.0,360,1,0,unemployed,urban,0
4339.0,0.0,82000.0,360,1,0,salaried,rural,1
4304.0,0.0,226000.0,360,1,3,self_employed,semiurban,0
3522.0,0.0,106000.0,360,1,1,salaried,rural,1
4279.0,793.0,113000.0,360,1,0,salaried,rural,1
4820.0,2692.0,181000.0,120,1,3,salaried,semiurban,0
7293.0,2378.0,100000.0,360,1,2,unemployed,semiurban,1
4449.0,2524.0,118000.0,360,1,0,salaried,rural,0
5708.0,4748.0,164000.0,240,1,0,salaried,urban,1
3566.0,0.0,56000.0,360,1,1,salaried,rural,0
6223.0,1457.0,96000.0,240,1,1,salaried,urban,1
5641.0,2289.0,158000.0,360,1,0,salaried,rural,1
7208.0,0.0,112000.0,360,1,1,salaried,rural,0
6679.0,2142.0,211000.0,360,1,0,salaried,urban,1
6275.0,1146.0,54000.0,300,1,1,self_employed,semiurban,1
4451.0,0.0,51000.0,360,0,0,self_employed,urban,0
5284.0,614.0,154000.0,360,1,0,salaried,rural,1
7957.0,2653.0,161000.0,240,1,0,salaried,rural,0
3374.0,0.0,100000.0,360,0,1,salaried,semiurban,0
3415.0,2217.0,131000.0,360,1,0,self_employed,rural,0
5119.0,847.0,153000.0,360,0,0,salaried,urban,0
5754.0,1102.0,76000.0,360,1,0,self_employed,urban,1
3096.0,0.0,79000.0,120,1,3,self_employed,urban,0
4504.0,3016.0,119000.0,240,1,0,self_employed,urban,0
4460.0,0.0,164000.0,180,1,0,salaried,semiurban,0
1544.0,5954.0,65000.0,240,0,0,self_employed,urban,0
4189.0,0.0,100000.0,360,1,1,salaried,urban,1
4321.0,5706.0,98000.0,360,1,0,salaried,semiurban,1
4315.0,716.0,132000.0,360,1,0,salaried,rural,1
9490.0,3369.0,109000.0,360,0,2,salaried,urban,0
2546.0,0.0,85000.0,300,1,2,self_employed,rural,0
3095.0,1042.0,191000.0,300,1,1,self_employed,semiurban,0
1266.0,3072.0,86000.0,360,0,0,salaried,urban,0
3676.0,3872.0,96000.0,360,1,3,unemployed,semiurban,1
3836.0,3792.0,53000.0,300,1,3,salaried,urban,1
3623.0,0.0,79000.0,360,1,1,salaried,urban,1
8134.0,2192.0,138000.0,360,1,2,salaried,semiurban,1
7189.0,2889.0,126000.0,240,0,2,unemployed,urban,0
4861.0,2472.0,143000.0,360,1,3,salaried,urban,1
3884.0,2919.0,140000.0,360,0,0,salaried,semiurban,1
7809.0,2305.0,279000.0,300,1,3,salaried,urban,0
4629.0,3605.0,78000.0,360,1,1,unemployed,rural,1
3105.0,640.0,53000.0,360,1,1,self_employed,urban,0
1982.0,0.0,68000.0,360,1,0,self_employed,rural,1
3749.0,758.0,79000.0,360,1,0,self_employed,rural,1
6818.0,0.0,70000.0,360,1,2,self_employed,rural,0
14593.0,6307.0,114000.0,360,1,1,salaried,rural,1
4821.0,1434.0,192000.0,180,0,0,salaried,urban,0
3189.0,2184.0,218000.0,300,1,1,self_employed,semiurban,0
2585.0,3393.0,137000.0,300,1,0,self_employed,urban,1
6161.0,0.0,286000.0,240,1,0,salaried,rural,0
1935.0,0.0,93000.0,360,1,1,salaried,semiurban,0
6156.0,0.0,52000.0,180,1,1,self_employed,urban,1
7036.0,0.0,175000.0,240,0,0,salaried,rural,0
5815.0,1009.0,48000.0,360,1,0,unemployed,urban,1
4189.0,4318.0,78000.0,240,1,0,salaried,semiurban,1
6201.0,0.0,138000.0,360,1,1,salaried,semiurban,0
5092.0,2597.0,104000.0,360,1,3,self_employed,urban,1
3168.0,3705.0,100000.0,300,1,2,salaried,semiurban,0
11792.0,0.0,64000.0,180,1,1,salaried,rural,1
3921.0,0.0,109000.0,360,1,0,salaried,urban,1
6890.0,0.0,171000.0,180,1,0,self_employed,semiurban,1
1395.0,2167.0,110000.0,360,0,2,salaried,urban,0
8851.0,0.0,75000.0,360,1,1,salaried,semiurban,1
9744.0,4839.0,62000.0,360,1,0,self_employed,urban,1
4745.0,5797.0,76000.0,360,1,1,unemployed,rural,1
6182.0,5250.0,130000.0,360,1,1,salaried,rural,1
6181.0,0.0,127000.0,180,1,0,salaried,urban,1
3390.0,0.0,76000.0,360,1,0,salaried,urban,1
6146.0,0.0,40000.0,360,1,1,salaried,semiurban,1
3120.0,2924.0,132000.0,360,1,0,salaried,semiurban,1
3448.0,2515.0,73000.0,240,1,0,self_employed,semiurban,1
8213.0,1282.0,149000.0,240,0,2,salaried,urban,0
7611.0,0.0,78000.0,360,0,3,salaried,urban,1
3284.0,935.0,70000.0,240,0,0,self_employed,rural,0
3240.0,3115.0,117000.0,360,1,0,salaried,semiurban,1
3385.0,0.0,315000.0,360,1,0,salaried,rural,0
6743.0,6259.0,153000.0,360,1,0,self_employed,semiurban,1
2836.0,0.0,116000.0,360,1,2,self_employed,rural,0
5588.0,759.0,128000.0,240,0,1,self_employed,urban,0
6791.0,0.0,50000.0,360,1,0,salaried,urban,1
4473.0,8935.0,66000.0,360,1,2,salaried,rural,1
7747.0,1088.0,35000.0,240,0,0,unemployed,rural,1
4015.0,1917.0,238000.0,360,1,1,salaried,urban,1
4201.0,5375.0,217000.0,360,1,3,salaried,urban,1
2868.0,0.0,130000.0,180,1,0,salaried,semiurban,0
7774.0,11340.0,116000.0,360,1,0,self_employed,urban,1
3187.0,1196.0,54000.0,240,0,2,unemployed,urban,1
5569.0,0.0,99000.0,360,1,0,salaried,rural,1
4511.0,4707.0,244000.0,360,1,0,unemployed,urban,1
2762.0,0.0,116000.0,360,1,0,salaried,semiurban,1
3448.0,0.0,85000.0,360,0,0,salaried,urban,0
9334.0,1908.0,49000.0,240,0,1,self_employed,urban,0
5171.0,0.0,203000.0,360,0,0,salaried,semiurban,1
2823.0,3072.0,106000.0,240,0,0,salaried,urban,0
5446.0,2752.0,49000.0,360,1,0,salaried,semiurban,1
4346.0,1508.0,72000.0,240,1,1,unemployed,urban,1
26292.0,0.0,61000.0,240,0,2,salaried,rural,0
5391.0,0.0,103000.0,120,1,1,unemployed,semiurban,0
3865.0,3242.0,120000.0,240,1,1,self_employed,rural,1
9509.0,0.0,87000.0,240,1,2,salaried,urban,1
1862.0,806.0,155000.0,180,1,0,self_employed,urban,0
4901.0,0.0,113000.0,360,1,0,salaried,urban,1
12673.0,0.0,176000.0,360,0,0,salaried,semiurban,0
4411.0,0.0,93000.0,240,1,0,self_employed,urban,0
1965.0,0.0,430000.0,360,1,3,self_employed,urban,0
3835.0,0.0,85000.0,360,1,0,salaried,urban,1
9675.0,4784.0,73000.0,360,1,2,salaried,urban,1
5642.0,0.0,69000.0,300,1,0,salaried,urban,1
3073.0,0.0,99000.0,360,1,0,self_employed,urban,0
3319.0,0.0,50000.0,300,1,0,salaried,urban,1
3534.0,1931.0,125000.0,240,1,0,salaried,semiurban,0
5600.0,0.0,46000.0,360,1,0,salaried,urban,1
9128.0,3290.0,117000.0,360,1,1,salaried,urban,1
7913.0,4097.0,59000.0,360,1,0,self_employed,semiurban,1
5872.0,366.0,92000.0,300,1,2,self_employed,rural,1
2402.0,1122.0,143000.0,360,1,2,salaried,urban,1
2407.0,0.0,308000.0,360,1,0,salaried,semiurban,0
6104.0,3341.0,67000.0,180,0,3,salaried,rural,0
2386.0,0.0,102000.0,180,1,0,self_employed,semiurban,0
4176.0,0.0,79000.0,300,1,0,self_employed,rural,0
5443.0,3324.0,74000.0,240,1,0,salaried,rural,1
2647.0,0.0,79000.0,300,1,1,salaried,urban,0
2801.0,2920.0,158000.0,180,1,1,salaried,semiurban,0
4460.0,0.0,88000.0,360,1,1,salaried,semiurban,1
6014.0,0.0,300000.0,360,1,2,self_employed,rural,0
7949.0,3390.0,132000.0,360,1,0,salaried,semiurban,1
6333.0,0.0,69000.0,360,0,2,salaried,urban,1
4850.0,3811.0,93000.0,300,1,1,unemployed,semiurban,1
3219.0,1376.0,76000.0,360,0,0,salaried,urban,1
2737.0,0.0,156000.0,360,0,0,salaried,semiurban,0
3621.0,5180.0,52000.0,360,1,0,salaried,semiurban,1
5739.0,0.0,60000.0,240,1,0,salaried,semiurban,1
5532.0,4798.0,84000.0,360,1,2,salaried,rural,1
1636.0,5036.0,148000.0,360,1,0,salaried,semiurban,1
3156.0,0.0,190000.0,360,1,0,salaried,semiurban,0
8538.0,1235.0,203000.0,360,1,2,salaried,semiurban,1
4864.0,0.0,138000.0,360,1,1,salaried,rural,0
2302.0,1725.0,105000.0,360,1,3,self_employed,rural,1
15183.0,0.0,156000.0,360,1,1,salaried,urban,1
4608.0,0.0,65000.0,360,1,1,salaried,semiurban,1
5666.0,3138.0,48000.0,360,0,0,salaried,urban,1
5709.0,3148.0,133000.0,120,1,1,self_employed,rural,0
3890.0,958.0,69000.0,360,1,0,self_employed,semiurban,1
3249.0,0.0,106000.0,240,1,0,salaried,semiurban,1
13505.0,2746.0,115000.0,240,0,3,salaried,urban,0
7720.0,5750.0,122000.0,240,1,1,salaried,urban,1
7051.0,0.0,166000.0,360,1,1,salaried,semiurban,1
6236.0,4192.0,159000.0,120,0,0,salaried,urban,0
2831.0,2790.0,119000.0,240,1,1,salaried,urban,0
8855.0,3968.0,89000.0,120,1,0,salaried,rural,1
3067.0,812.0,115000.0,360,1,0,salaried,semiurban,0
5386.0,0.0,83000.0,360,1,0,salaried,urban,0
2060.0,0.0,100000.0,360,1,0,salaried,urban,0
1685.0,0.0,354000.0,360,1,0,self_employed,rural,0
5482.0,0.0,118000.0,240,1,2,salaried,semiurban,0
3120.0,3115.0,134000.0,360,1,0,unemployed,semiurban,1
1729.0,2630.0,79000.0,180,0,2,salaried,urban,0
6126.0,0.0,173000.0,360,0,2,self_employed,urban,0
13495.0,0.0,154000.0,360,1,0,self_employed,urban,1
9365.0,0.0,154000.0,360,1,1,unemployed,semiurban,1
4111.0,2552.0,120000.0,180,1,0,self_employed,urban,1
4696.0,0.0,174000.0,120,1,2,self_employed,urban,0
7287.0,0.0,193000.0,360,1,0,self_employed,semiurban,1
8193.0,0.0,124000.0,360,1,0,self_employed,rural,1
3937.0,0.0,104000.0,360,1,0,salaried,semiurban,0
4756.0,1739.0,163000.0,360,1,2,salaried,semiurban,1
5433.0,1337.0,73000.0,360,1,0,salaried,semiurban,1
6167.0,6059.0,79000.0,240,1,2,self_employed,semiurban,1
4374.0,890.0,107000.0,360,1,0,salaried,urban,0
4403.0,0.0,50000.0,240,1,1,salaried,semiurban,1
9320.0,9234.0,158000.0,360,1,0,self_employed,semiurban,1
8559.0,4248.0,71000.0,360,1,0,salaried,semiurban,1
5935.0,1955.0,88000.0,360,1,0,salaried,rural,1
11043.0,0.0,99000.0,360,1,0,salaried,rural,1
3854.0,770.0,111000.0,240,0,2,salaried,urban,0
10525.0,1498.0,93000.0,360,0,1,salaried,urban,0
6132.0,0.0,106000.0,360,1,0,salaried,urban,1
23993.0,1208.0,106000.0,360,1,0,salaried,urban,1
2575.0,1590.0,89000.0,360,1,0,salaried,urban,0
3312.0,1860.0,77000.0,360,1,1,salaried,urban,0
5764.0,0.0,177000.0,240,1,2,self_employed,semiurban,0
5702.0,0.0,42000.0,360,1,2,salaried,semiurban,1
12395.0,0.0,99000.0,360,1,2,unemployed,rural,0
3347.0,1787.0,88000.0,180,1,0,self_employed,urban,1
7350.0,0.0,132000.0,360,1,0,salaried,urban,1
8360.0,0.0,57000.0,300,1,2,salaried,urban,1
6650.0,2351.0,87000.0,180,1,0,salaried,urban,1
2891.0,646.0,104000.0,180,1,0,self_employed,urban,0
9451.0,2678.0,177000.0,360,1,0,self_employed,rural,1
8644.0,0.0,127000.0,360,1,2,self_employed,urban,1
6309.0,1831.0,64000.0,240,1,1,salaried,urban,1
5178.0,855.0,88000.0,180,1,3,self_employed,semiurban,1
5235.0,0.0,163000.0,240,1,0,salaried,semiurban,0
4495.0,0.0,64000.0,240,0,0,self_employed,semiurban,0
6441.0,0.0,105000.0,360,1,0,salaried,urban,1
4748.0,0.0,109000.0,240,1,2,self_employed,rural,0
3059.0,3043.0,92000.0,240,1,0,self_employed,urban,0
2768.0,0.0,367000.0,120,1,3,salaried,semiurban,0
3210.0,2961.0,91000.0,360,1,1,salaried,semiurban,1
5224.0,1351.0,134000.0,360,0,2,salaried,rural,0
4612.0,0.0,77000.0,360,1,2,self_employed,urban,0
5207.0,1285.0,138000.0,360,0,0,salaried,semiurban,0
6005.0,2241.0,161000.0,360,1,1,unemployed,urban,0
3416.0,0.0,84000.0,360,1,0,salaried,urban,1
9729.0,969.0,106000.0,360,0,2,unemployed,urban,0
4089.0,2071.0,73000.0,360,1,2,self_employed,semiurban,1
3764.0,0.0,65000.0,180,0,1,salaried,urban,0
5950.0,0.0,174000.0,360,1,0,self_employed,semiurban,1
1866.0,0.0,85000.0,360,1,3,self_employed,urban,0
3149.0,1126.0,37000.0,360,1,3,unemployed,rural,1
7635.0,0.0,241000.0,240,1,1,salaried,rural,0
1961.0,0.0,76000.0,360,0,3,salaried,urban,0
8175.0,910.0,98000.0,360,1,1,salaried,urban,1
9952.0,2107.0,228000.0,240,1,0,salaried,urban,1
3887.0,1052.0,102000.0,120,1,0,salaried,rural,0
5409.0,4857.0,101000.0,240,1,0,salaried,urban,0
8181.0,1999.0,63000.0,360,0,1,salaried,semiurban,1
3702.0,0.0,52000.0,360,0,1,salaried,semiurban,0
7215.0,0.0,101000.0,360,1,0,salaried,rural,1
3342.0,989.0,128000.0,360,1,0,self_employed,semiurban,0
3682.0,0.0,125000.0,360,0,1,self_employed,semiurban,0
3135.0,2659.0,88000.0,300,1,2,salaried,rural,1
5549.0,925.0,110000.0,240,1,3,salaried,urban,0
8341.0,0.0,48000.0,240,0,0,unemployed,rural,0
4264.0,3589.0,134000.0,360,1,2,salaried,urban,1
2476.0,0.0,117000.0,180,0,0,salaried,semiurban,0
2721.0,831.0,265000.0,240,1,0,salaried,rural,0
5695.0,1295.0,109000.0,360,0,1,self_employed,semiurban,1
11755.0,1061.0,71000.0,360,1,0,salaried,semiurban,1
5692.0,6929.0,107000.0,120,1,2,self_employed,urban,1
3853.0,0.0,94000.0,360,1,0,self_employed,urban,0
6857.0,0.0,133000.0,360,1,0,salaried,urban,1
4147.0,2991.0,110000.0,360,1,1,self_employed,semiurban,1
3869.0,773.0,62000.0,360,0,0,self_employed,semiurban,0
2895.0,0.0,52000.0,120,0,0,salaried,urban,0
9454.0,0.0,123000.0,240,0,0,salaried,urban,0
1313.0,2742.0,203000.0,240,1,0,salaried,urban,0
6967.0,1866.0,113000.0,360,1,2,salaried,urban,1
3708.0,2377.0,157000.0,360,1,0,salaried,urban,1
3808.0,2111.0,172000.0,360,1,1,unemployed,rural,0
10896.0,1782.0,123000.0,360,1,1,salaried,semiurban,1
3271.0,1624.0,76000.0,300,1,1,salaried,urban,0
3327.0,1483.0,119000.0,180,1,0,self_employed,semiurban,0
4380.0,2350.0,188000.0,240,1,1,salaried,rural,1
5750.0,2664.0,138000.0,360,1,2,unemployed,urban,1
3748.0,0.0,153000.0,360,1,0,self_employed,urban,1
2128.0,0.0,89000.0,360,1,2,salaried,urban,0
3033.0,993.0,100000.0,240,0,0,salaried,urban,0
8872.0,2642.0,103000.0,360,0,0,unemployed,semiurban,0
4853.0,5598.0,107000.0,240,1,1,self_employed,rural,1
5858.0,0.0,185000.0,360,0,0,unemployed,urban,0
4102.0,0.0,38000.0,120,0,0,salaried,semiurban,0
3362.0,2338.0,111000.0,360,1,0,self_employed,urban,1
10816.0,0.0,105000.0,240,1,0,self_employed,semiurban,1
4255.0,0.0,59000.0,240,1,1,salaried,semiurban,0
3746.0,0.0,148000.0,360,1,0,salaried,urban,0
8087.0,1251.0,79000.0,300,1,2,self_employed,urban,1
3258.0,1778.0,93000.0,360,1,2,salaried,semiurban,0
3473.0,0.0,251000.0,300,0,0,salaried,rural,0
4699.0,5005.0,172000.0,360,1,0,self_employed,urban,1
4676.0,0.0,141000.0,240,1,0,salaried,urban,1
5323.0,0.0,129000.0,360,0,2,salaried,urban,0
13304.0,2986.0,101000.0,360,0,0,salaried,semiurban,0
5531.0,1190.0,268000.0,360,1,0,salaried,semiurban,1
1424.0,2288.0,157000.0,300,0,3,self_employed,rural,0
5504.0,2421.0,78000.0,360,0,0,self_employed,semiurban,0
4764.0,0.0,58000.0,180,1,0,salaried,rural,0
4778.0,0.0,141000.0,360,0,2,unemployed,rural,0
5287.0,1935.0,106000.0,360,1,3,self_employed,urban,0
4609.0,0.0,57000.0,360,1,0,salaried,semiurban,1
4554.0,2049.0,132000.0,360,1,0,self_employed,urban,1
6352.0,0.0,97000.0,240,1,0,salaried,urban,0
3565.0,5096.0,139000.0,180,1,0,unemployed,rural,1
2911.0,0.0,133000.0,300,1,0,self_employed,semiurban,0
21203.0,0.0,83000.0,360,1,0,self_employed,rural,1
3268.0,3186.0,145000.0,300,1,1,salaried,urban,1
4915.0,0.0,87000.0,360,1,2,self_employed,semiurban,1
2213.0,0.0,90000.0,360,0,3,salaried,semiurban,0
4955.0,13732.0,86000.0,360,1,2,salaried,urban,1
2932.0,0.0,181000.0,360,1,0,salaried,urban,0
3747.0,0.0,96000.0,180,1,0,self_employed,semiurban,0
7884.0,0.0,202000.0,300,0,1,salaried,urban,0
5919.0,997.0,243000.0,360,1,0,self_employed,rural,1
6212.0,0.0,78000.0,240,1,0,self_employed,urban,1
1928.0,0.0,29000.0,240,1,2,salaried,urban,1
11713.0,0.0,175000.0,300,0,0,salaried,semiurban,0
2576.0,2650.0,94000.0,360,0,0,salaried,urban,0
10039.0,1720.0,74000.0,360,0,1,salaried,rural,1
7791.0,0.0,84000.0,300,1,3,self_employed,semiurban,1
6240.0,1762.0,91000.0,240,1,1,salaried,urban,1
3049.0,3318.0,196000.0,360,1,0,self_employed,semiurban,1
5043.0,3599.0,117000.0,300,1,1,salaried,semiurban,1
3694.0,0.0,194000.0,360,1,2,self_employed,semiurban,0
4743.0,3407.0,136000.0,360,0,0,unemployed,rural,0
4126.0,0.0,95000.0,360,0,1,self_employed,semiurban,0
1687.0,0.0,92000.0,360,1,1,self_employed,semiurban,0
8192.0,0.0,140000.0,360,1,1,self_employed,urban,1
4489.0,0.0,158000.0,240,1,0,salaried,semiurban,0
3669.0,1491.0,171000.0,360,1,2,salaried,rural,0
3533.0,0.0,97000.0,360,1,0,salaried,semiurban,1
5593.0,3055.0,118000.0,360,1,0,salaried,semiurban,1
2990.0,0.0,142000.0,360,1,0,self_employed,semiurban,1
1514.0,1899.0,92000.0,240,1,0,self_employed,semiurban,0
5731.0,0.0,65000.0,360,1,0,self_employed,rural,1
6061.0,0.0,76000.0,240,1,2,salaried,urban,1
4231.0,1469.0,98000.0,240,1,2,self_employed,urban,0
2633.0,0.0,147000.0,360,1,0,salaried,semiurban,0
4888.0,1314.0,192000.0,360,1,2,salaried,semiurban,0
2248.0,2970.0,59000.0,360,0,3,self_employed,semiurban,0
2797.0,2490.0,83000.0,300,1,0,unemployed,urban,1
3212.0,752.0,93000.0,180,1,1,salaried,urban,1
7129.0,0.0,156000.0,360,1,3,salaried,semiurban,1
3900.0,0.0,86000.0,360,1,2,salaried,semiurban,1
3737.0,3102.0,90000.0,360,1,1,salaried,semiurban,1
12424.0,0.0,58000.0,360,0,2,self_employed,semiurban,1
5576.0,0.0,136000.0,360,0,1,self_employed,semiurban,0
5539.0,0.0,101000.0,360,1,0,salaried,rural,1
3886.0,2177.0,81000.0,300,0,0,salaried,semiurban,1
3470.0,0.0,97000.0,360,1,1,salaried,semiurban,1
1567.0,1136.0,181000.0,360,1,0,unemployed,semiurban,0
7588.0,0.0,69000.0,360,1,0,salaried,urban,1
5850.0,0.0,75000.0,360,1,0,self_employed,urban,1
4274.0,0.0,192000.0,360,1,2,self_employed,semiurban,1
4365.0,364.0,113000.0,300,1,1,salaried,rural,1
6755.0,8191.0,147000.0,360,1,0,salaried,semiurban,1
2149.0,0.0,131000.0,360,0,0,unemployed,urban,0
3481.0,3255.0,107000.0,360,1,0,salaried,semiurban,1
2649.0,1807.0,93000.0,240,0,0,salaried,urban,0
11336.0,0.0,159000.0,240,0,1,self_employed,semiurban,0
7243.0,0.0,184000.0,360,0,0,self_employed,rural,1
1554.0,1345.0,178000.0,360,1,3,unemployed,semiurban,0
2193.0,2924.0,64000.0,360,1,0,salaried,semiurban,1
4376.0,0.0,196000.0,300,1,0,salaried,urban,0
3691.0,2360.0,93000.0,360,0,2,salaried,semiurban,0
2411.0,1162.0,78000.0,360,1,0,salaried,rural,1
12362.0,3659.0,101000.0,240,1,0,salaried,semiurban,1
5466.0,870.0,159000.0,180,1,0,salaried,semiurban,0
5928.0,0.0,139000.0,360,1,1,salaried,urban,0
3308.0,9572.0,97000.0,240,0,0,salaried,urban,0
6709.0,6266.0,159000.0,360,1,2,salaried,urban,1
3865.0,4880.0,116000.0,360,1,1,salaried,urban,1
4058.0,1883.0,84000.0,360,1,2,self_employed,urban,1
6345.0,4521.0,79000.0,240,1,1,salaried,rural,1
2070.0,0.0,131000.0,360,1,2,salaried,semiurban,0
10389.0,0.0,105000.0,360,1,1,salaried,urban,1
5121.0,5723.0,59000.0,360,1,0,salaried,urban,1
8870.0,4404.0,160000.0,360,0,1,salaried,urban,1
2731.0,1955.0,88000.0,360,1,1,salaried,rural,1
2947.0,848.0,223000.0,360,0,0,salaried,urban,0
2615.0,0.0,58000.0,360,1,1,salaried,rural,1
5298.0,558.0,101000.0,360,1,0,salaried,rural,1
4832.0,0.0,80000.0,240,1,1,salaried,urban,1
3706.0,0.0,70000.0,240,1,0,salaried,semiurban,1
2816.0,2443.0,88000.0,360,1,0,self_employed,rural,1
2482.0,0.0,242000.0,300,1,0,self_employed,urban,0
4563.0,736.0,116000.0,360,1,0,self_employed,urban,1
3704.0,2361.0,76000.0,360,0,0,salaried,rural,0
3318.0,0.0,48000.0,360,0,0,self_employed,rural,1
10133.0,3593.0,50000.0,180,1,1,salaried,semiurban,1
4487.0,0.0,86000.0,360,1,0,salaried,semiurban,1
8822.0,0.0,82000.0,120,1,3,self_employed,urban,0
3581.0,376.0,99000.0,360,1,2,salaried,rural,0
5284.0,0.0,39000.0,360,1,0,salaried,semiurban,1
4547.0,7036.0,105000.0,360,0,0,self_employed,urban,0
2001.0,0.0,173000.0,360,1,0,self_employed,semiurban,0
9549.0,2132.0,226000.0,360,1,0,unemployed,rural,1
4370.0,1123.0,47000.0,300,1,0,salaried,rural,1
6790.0,1621.0,76000.0,240,1,1,salaried,urban,1
3210.0,0.0,74000.0,360,1,1,self_employed,urban,1
4305.0,1394.0,116000.0,360,0,0,salaried,rural,0
3031.0,0.0,63000.0,180,1,1,self_employed,rural,1
8673.0,1980.0,233000.0,300,0,0,salaried,semiurban,0
5463.0,1342.0,111000.0,240,0,2,salaried,semiurban,1
5617.0,1383.0,103000.0,360,1,3,salaried,semiurban,1
9220.0,2454.0,223000.0,180,1,0,self_employed,urban,0
8335.0,0.0,108000.0,360,1,2,salaried,urban,1
6855.0,2741.0,131000.0,180,1,2,salaried,urban,0
2296.0,0.0,78000.0,360,1,0,salaried,urban,1
3302.0,0.0,59000.0,240,1,0,salaried,rural,0
2830.0,5265.0,83000.0,360,1,2,salaried,urban,1
6726.0,0.0,292000.0,240,0,0,self_employed,urban,0
5091.0,0.0,145000.0,360,1,0,salaried,semiurban,1
2333.0,0.0,123000.0,360,1,1,self_employed,urban,0
4254.0,1438.0,70000.0,240,1,0,self_employed,urban,1
2215.0,0.0,164000.0,360,1,0,salaried,semiurban,0
4552.0,0.0,59000.0,300,1,3,salaried,urban,1
2043.0,507.0,54000.0,360,0,0,salaried,semiurban,0
6090.0,0.0,85000.0,360,1,1,salaried,rural,1
5648.0,5540.0,263000.0,240,1,1,salaried,urban,1
12137.0,0.0,256000.0,360,1,0,unemployed,rural,1
7143.0,0.0,89000.0,180,1,1,unemployed,rural,1
3784.0,0.0,81000.0,360,0,1,self_employed,rural,0
7038.0,0.0,52000.0,360,1,0,salaried,semiurban,1
2324.0,0.0,113000.0,360,1,1,self_employed,semiurban,0
2889.0,0.0,117000.0,240,1,3,self_employed,semiurban,0
5522.0,5062.0,156000.0,360,1,2,salaried,semiurban,1
1589.0,1553.0,164000.0,180,1,0,self_employed,urban,0
4589.0,1190.0,100000.0,360,1,0,salaried,rural,1
2807.0,1706.0,140000.0,300,0,1,salaried,semiurban,0
4918.0,0.0,80000.0,240,1,2,salaried,rural,1
2727.0,0.0,139000.0,180,1,2,salaried,urban,0
5780.0,1525.0,87000.0,360,1,0,salaried,urban,1
4720.0,1249.0,134000.0,240,1,2,self_employed,semiurban,0
9416.0,0.0,129000.0,360,1,0,unemployed,semiurban,1
4691.0,897.0,113000.0,360,0,0,salaried,semiurban,0
3183.0,0.0,156000.0,300,0,1,self_employed,urban,0
4132.0,0.0,54000.0,120,0,0,unemployed,urban,1
2387.0,4498.0,68000.0,180,1,1,salaried,semiurban,1
5728.0,1518.0,97000.0,180,1,0,salaried,urban,0
6279.0,3110.0,57000.0,360,0,2,salaried,rural,1
16068.0,2266.0,91000.0,360,1,3,salaried,urban,1
3426.0,3363.0,92000.0,240,1,0,self_employed,urban,1
4089.0,2158.0,197000.0,180,1,1,salaried,urban,0
3506.0,624.0,116000.0,360,0,1,salaried,semiurban,1
5198.0,4049.0,173000.0,300,0,0,salaried,semiurban,0
5658.0,1879.0,125000.0,360,1,2,salaried,semiurban,1
4552.0,0.0,86000.0,360,1,1,self_employed,rural,1
8048.0,3239.0,116000.0,240,1,0,salaried,urban,1
3434.0,0.0,151000.0,360,1,2,salaried,semiurban,0
7655.0,1053.0,187000.0,360,1,0,salaried,urban,0
6120.0,3161.0,103000.0,360,1,0,salaried,urban,1
4647.0,1616.0,52000.0,360,0,0,salaried,semiurban,0
3994.0,0.0,50000.0,360,1,2,salaried,urban,1
15730.0,1764.0,94000.0,360,1,3,salaried,semiurban,1
3107.0,4090.0,38000.0,360,0,0,salaried,semiurban,0
5426.0,2687.0,245000.0,360,1,0,self_employed,semiurban,1
3213.0,0.0,143000.0,360,1,0,self_employed,semiurban,0
11416.0,1538.0,82000.0,360,1,1,self_employed,semiurban,1
7284.0,2351.0,66000.0,300,1,0,self_employed,urban,1
3330.0,0.0,173000.0,360,1,0,self_employed,urban,0
6041.0,1924.0,66000.0,240,1,0,salaried,urban,1
5318.0,2898.0,69000.0,240,1,0,salaried,semiurban,1
3611.0,0.0,77000.0,300,1,1,salaried,rural,0
6830.0,2180.0,115000.0,240,1,1,salaried,urban,0
5680.0,6677.0,144000.0,360,1,0,self_employed,semiurban,1
5207.0,4634.0,187000.0,240,1,0,salaried,semiurban,1
4578.0,2112.0,175000.0,360,0,0,self_employed,rural,1
5800.0,0.0,109000.0,360,1,1,self_employed,semiurban,1
5243.0,0.0,173000.0,240,1,0,salaried,semiurban,0
4815.0,0.0,81000.0,240,1,0,self_employed,semiurban,0
3393.0,2481.0,48000.0,360,1,1,salaried,rural,1
10904.0,0.0,81000.0,360,1,0,self_employed,urban,1
2765.0,0.0,76000.0,300,1,1,salaried,rural,1
5790.0,919.0,82000.0,240,1,0,salaried,urban,1
3983.0,0.0,71000.0,240,0,0,salaried,rural,0
11269.0,0.0,89000.0,180,1,1,salaried,urban,1
2976.0,0.0,144000.0,120,1,0,salaried,urban,0
3237.0,5092.0,236000.0,360,1,0,self_employed,urban,0
2879.0,5565.0,50000.0,180,1,2,self_employed,semiurban,1
5496.0,0.0,61000.0,180,1,0,salaried,urban,1
2353.0,0.0,76000.0,360,1,2,salaried,urban,0
3680.0,3419.0,154000.0,360,1,0,salaried,semiurban,1
1594.0,5308.0,99000.0,360,0,2,salaried,urban,0
5272.0,0.0,79000.0,360,1,2,unemployed,semiurban,0
3641.0,789.0,151000.0,360,1,0,salaried,rural,0
2222.0,8159.0,168000.0,180,1,1,salaried,semiurban,1
8045.0,0.0,108000.0,240,1,1,salaried,urban,0
2431.0,1399.0,76000.0,360,1,0,salaried,urban,0
6964.0,972.0,123000.0,360,1,0,salaried,rural,0
3293.0,2845.0,98000.0,360,1,3,self_employed,urban,1
10413.0,0.0,98000.0,300,1,1,self_employed,urban,1
6801.0,2517.0,87000.0,360,1,3,unemployed,rural,1
2824.0,0.0,165000.0,300,1,2,self_employed,rural,0
2956.0,0.0,122000.0,360,0,2,salaried,urban,0
6328.0,0.0,174000.0,360,1,1,self_employed,semiurban,0
4100.0,2618.0,199000.0,240,1,1,self_employed,semiurban,1
4296.0,1376.0,134000.0,240,1,2,self_employed,semiurban,1
8832.0,2213.0,87000.0,360,1,1,unemployed,urban,0
3215.0,0.0,174000.0,360,0,0,self_employed,urban,0
4893.0,0.0,135000.0,180,0,1,self_employed,semiurban,0
7535.0,0.0,352000.0,360,1,0,salaried,urban,0
7006.0,3054.0,125000.0,300,1,3,self_employed,semiurban,1
4316.0,1151.0,149000.0,360,0,1,salaried,urban,1
4046.0,0.0,124000.0,300,0,1,salaried,rural,0
1960.0,2020.0,104000.0,360,1,0,self_employed,rural,1
2757.0,0.0,97000.0,180,1,1,unemployed,semiurban,0
5482.0,2653.0,125000.0,360,1,0,unemployed,rural,0
4364.0,0.0,138000.0,180,0,1,salaried,urban,0
4854.0,0.0,183000.0,360,0,1,self_employed,semiurban,0
7861.0,5720.0,125000.0,360,0,0,self_employed,urban,0
2582.0,2307.0,89000.0,240,1,0,salaried,rural,1
4154.0,0.0,94000.0,240,0,1,salaried,rural,0
5138.0,2304.0,60000.0,300,1,0,salaried,rural,1
3288.0,8356.0,230000.0,360,1,2,self_employed,rural,1
9564.0,811.0,86000.0,360,1,2,salaried,rural,1
7364.0,2040.0,169000.0,360,1,2,unemployed,urban,1
5405.0,0.0,124000.0,360,1,0,salaried,rural,0
11466.0,2137.0,125000.0,360,1,0,unemployed,semiurban,1
2210.0,2289.0,103000.0,360,1,3,salaried,semiurban,1
4657.0,0.0,77000.0,180,0,3,self_employed,semiurban,0
5615.0,2120.0,71000.0,180,1,0,salaried,urban,1
2959.0,4886.0,237000.0,300,1,1,salaried,urban,0
5434.0,0.0,115000.0,360,1,0,self_employed,urban,1
2688.0,0.0,181000.0,180,1,0,unemployed,urban,0
6603.0,0.0,203000.0,360,1,3,self_employed,semiurban,1
7934.0,0.0,91000.0,240,1,3,salaried,rural,1
5357.0,2424.0,132000.0,360,1,3,salaried,semiurban,1
1851.0,8415.0,111000.0,120,1,0,salaried,semiurban,1
2883.0,0.0,65000.0,360,0,0,salaried,semiurban,0
6200.0,0.0,100000.0,180,1,2,self_employed,semiurban,1
4725.0,0.0,142000.0,300,1,1,self_employed,urban,1
1216.0,1684.0,87000.0,120,1,0,self_employed,rural,0
8703.0,3981.0,94000.0,360,0,1,self_employed,urban,1
5006.0,8153.0,101000.0,360,1,0,self_employed,semiurban,1
3104.0,0.0,282000.0,180,1,1,self_employed,semiurban,0
7688.0,0.0,48000.0,360,1,2,salaried,semiurban,0
3332.0,2048.0,137000.0,360,1,0,salaried,rural,1
3314.0,2314.0,97000.0,360,0,0,self_employed,urban,1
5592.0,1179.0,82000.0,360,1,1,self_employed,rural,1
11390.0,725.0,96000.0,300,1,1,salaried,semiurban,1
10528.0,0.0,147000.0,360,0,0,salaried,rural,0
5596.0,0.0,151000.0,360,0,0,self_employed,semiurban,1
5891.0,1629.0,119000.0,360,1,1,salaried,rural,0
6945.0,0.0,178000.0,240,1,0,salaried,rural,0
2494.0,0.0,193000.0,360,1,1,self_employed,semiurban,0
6452.0,1599.0,158000.0,180,1,1,self_employed,rural,0
3239.0,879.0,85000.0,360,0,0,salaried,semiurban,0
5482.0,1542.0,136000.0,120,0,1,self_employed,semiurban,0
4172.0,1596.0,137000.0,240,1,1,salaried,rural,1
6007.0,1298.0,76000.0,360,1,1,self_employed,urban,0
4959.0,0.0,54000.0,360,1,1,salaried,semiurban,1
1006.0,527.0,44000.0,120,1,0,salaried,urban,0
5113.0,498.0,113000.0,360,0,0,salaried,urban,0
6445.0,0.0,125000.0,360,1,0,salaried,rural,1
5843.0,2137.0,64000.0,360,1,0,self_employed,urban,1
4441.0,0.0,175000.0,360,1,0,salaried,urban,1
10626.0,0.0,117000.0,180,1,0,salaried,urban,1
5463.0,0.0,200000.0,180,1,1,salaried,semiurban,0
5819.0,0.0,129000.0,360,1,0,self_employed,rural,1
7881.0,0.0,68000.0,240,1,2,self_employed,rural,1
5604.0,0.0,134000.0,360,1,1,unemployed,urban,0
2984.0,1592.0,147000.0,360,1,0,salaried,semiurban,1
1381.0,1925.0,85000.0,360,1,1,salaried,semiurban,0
3683.0,11303.0,57000.0,240,1,0,salaried,semiurban,1
6840.0,1744.0,114000.0,360,0,3,salaried,semiurban,0
3918.0,2949.0,70000.0,360,1,3,unemployed,urban,0
6978.0,3141.0,181000.0,120,0,2,self_employed,semiurban,0
5036.0,3334.0,91000.0,240,1,1,salaried,semiurban,1
8902.0,2447.0,237000.0,240,1,2,salaried,semiurban,1
4034.0,2289.0,42000.0,300,1,1,self_employed,semiurban,0
5906.0,0.0,116000.0,360,1,2,salaried,rural,1
6021.0,0.0,208000.0,360,0,0,salaried,semiurban,1
9905.0,0.0,73000.0,240,1,2,salaried,urban,1
1992.0,8267.0,102000.0,360,1,1,salaried,rural,1
3717.0,0.0,91000.0,240,1,0,salaried,rural,1
7146.0,0.0,80000.0,240,1,3,salaried,urban,1
10127.0,3638.0,122000.0,180,1,1,salaried,semiurban,1
5271.0,0.0,61000.0,360,0,2,self_employed,urban,0
4039.0,1665.0,104000.0,360,1,0,salaried,semiurban,1
6826.0,0.0,138000.0,360,1,1,salaried,urban,1
7218.0,0.0,99000.0,360,0,1,unemployed,semiurban,0
3906.0,1165.0,70000.0,240,1,0,self_employed,urban,1
5515.0,0.0,173000.0,360,1,2,salaried,semiurban,0
8436.0,9200.0,152000.0,180,0,1,salaried,rural,0
12031.0,2137.0,68000.0,300,1,0,self_employed,urban,1
6777.0,7161.0,61000.0,360,1,1,salaried,rural,1
4779.0,2310.0,71000.0,120,0,0,salaried,rural,0
4550.0,2374.0,139000.0,240,1,2,self_employed,rural,1
6178.0,0.0,124000.0,240,0,2,salaried,urban,0
4412.0,3865.0,156000.0,180,1,0,self_employed,rural,0
5140.0,5169.0,94000.0,360,1,1,salaried,urban,1
2755.0,0.0,72000.0,240,1,0,self_employed,urban,0
8942.0,1561.0,165000.0,360,1,0,salaried,rural,1
2644.0,3792.0,85000.0,360,1,2,salaried,semiurban,1
3767.0,0.0,119000.0,360,1,0,salaried,semiurban,0
4909.0,0.0,54000.0,360,1,0,salaried,urban,1
12651.0,4051.0,84000.0,360,1,0,self_employed,rural,1
3784.0,4326.0,172000.0,240,1,1,salaried,semiurban,1
3351.0,0.0,79000.0,240,1,2,salaried,semiurban,1
3550.0,0.0,157000.0,360,1,0,self_employed,rural,0
10716.0,858.0,38000.0,360,1,0,self_employed,urban,1
1146.0,1068.0,85000.0,360,1,0,salaried,urban,0
2832.0,2180.0,101000.0,120,1,0,salaried,semiurban,0
18318.0,0.0,239000.0,360,1,0,unemployed,rural,1
6282.0,0.0,64000.0,360,1,2,self_employed,urban,1
2689.0,0.0,148000.0,360,1,1,self_employed,urban,0
4578.0,948.0,176000.0,180,1,0,self_employed,urban,0
4835.0,0.0,79000.0,240,1,1,self_employed,rural,0
7137.0,0.0,92000.0,360,0,2,salaried,urban,0
11728.0,984.0,116000.0,360,1,0,salaried,semiurban,1
5678.0,0.0,56000.0,120,1,0,salaried,rural,1
3569.0,2679.0,89000.0,180,1,2,self_employed,urban,0
6929.0,566.0,194000.0,360,1,0,unemployed,semiurban,1
3297.0,0.0,138000.0,360,1,2,salaried,semiurban,0
2789.0,6296.0,102000.0,360,1,2,salaried,rural,1
1939.0,0.0,115000.0,360,1,2,salaried,urban,0
2138.0,564.0,142000.0,240,1,0,unemployed,urban,0
2986.0,2462.0,154000.0,240,1,0,salaried,urban,0
2594.0,1000.0,85000.0,360,1,2,salaried,semiurban,0
5468.0,867.0,218000.0,360,1,0,salaried,rural,1
2567.0,1846.0,197000.0,240,1,0,salaried,urban,0
971.0,0.0,148000.0,360,1,1,salaried,urban,0
2774.0,3040.0,75000.0,240,1,0,salaried,rural,1
3693.0,1211.0,69000.0,240,1,1,salaried,urban,1
3454.0,0.0,94000.0,360,1,3,salaried,urban,1
9994.0,415.0,112000.0,180,0,1,salaried,semiurban,1
3440.0,0.0,49000.0,120,0,0,salaried,urban,0
7262.0,1122.0,136000.0,360,1,3,salaried,urban,1
4631.0,2111.0,195000.0,300,1,1,self_employed,semiurban,1
4577.0,0.0,141000.0,300,1,0,salaried,urban,0
3079.0,0.0,80000.0,360,0,1,salaried,semiurban,1
4540.0,0.0,76000.0,240,1,0,salaried,semiurban,1
3189.0,2030.0,125000.0,360,1,0,salaried,semiurban,1
5090.0,2916.0,102000.0,300,1,1,salaried,urban,1
4154.0,0.0,133000.0,180,1,0,salaried,rural,0
2915.0,0.0,143000.0,360,1,0,self_employed,urban,0
7677.0,0.0,178000.0,300,1,1,salaried,semiurban,1
5787.0,0.0,66000.0,360,1,0,salaried,urban,1
3737.0,0.0,121000.0,360,0,1,salaried,rural,0
5028.0,1917.0,93000.0,360,1,0,salaried,urban,1
4483.0,0.0,104000.0,300,1,1,salaried,urban,1
3030.0,923.0,161000.0,240,0,2,self_employed,semiurban,0
4843.0,7068.0,169000.0,360,0,0,self_employed,urban,0
3427.0,0.0,205000.0,360,1,2,salaried,urban,0
2915.0,1569.0,132000.0,360,0,0,salaried,semiurban,1
2077.0,1027.0,104000.0,360,1,0,salaried,rural,0
3908.0,0.0,97000.0,240,1,0,salaried,urban,0
6207.0,0.0,50000.0,180,0,0,self_employed,rural,1
3303.0,1407.0,199000.0,360,1,0,salaried,rural,0
16487.0,0.0,94000.0,360,0,2,salaried,rural,1
7280.0,2136.0,137000.0,240,1,2,unemployed,semiurban,0
8975.0,0.0,148000.0,360,1,3,salaried,semiurban,0
6958.0,1821.0,62000.0,360,1,3,salaried,semiurban,0
11807.0,169.0,72000.0,300,1,0,self_employed,semiurban,1
3154.0,2080.0,219000.0,240,0,0,salaried,rural,0
1299.0,2023.0,124000.0,360,1,0,salaried,urban,1
3740.0,4134.0,84000.0,360,1,1,salaried,urban,1
6180.0,4996.0,103000.0,360,1,2,self_employed,urban,1
5043.0,0.0,178000.0,180,1,0,salaried,rural,0
5365.0,3538.0,166000.0,360,1,0,salaried,semiurban,1
9049.0,924.0,56000.0,360,1,0,salaried,semiurban,1
5659.0,0.0,228000.0,360,1,2,salaried,rural,1
6971.0,0.0,169000.0,300,1,0,self_employed,rural,1
2923.0,0.0,102000.0,120,1,1,salaried,urban,0
2704.0,1755.0,64000.0,360,1,0,salaried,rural,1
10478.0,5326.0,175000.0,240,1,0,salaried,rural,1
4917.0,0.0,135000.0,240,1,0,self_employed,urban,0
3423.0,0.0,57000.0,360,1,2,salaried,semiurban,0
3427.0,1183.0,98000.0,240,1,2,self_employed,urban,0
3379.0,0.0,445000.0,360,1,0,salaried,semiurban,0
3280.0,0.0,110000.0,360,1,0,salaried,semiurban,1
2461.0,0.0,78000.0,360,1,0,self_employed,urban,0
2208.0,2325.0,69000.0,240,0,0,self_employed,urban,1
4241.0,0.0,242000.0,360,1,0,salaried,urban,0
3476.0,2382.0,160000.0,360,1,0,self_employed,urban,0
8132.0,0.0,206000.0,360,1,1,salaried,semiurban,1
5413.0,3700.0,122000.0,240,1,2,salaried,urban,0
5338.0,6715.0,192000.0,240,1,1,unemployed,urban,1
3224.0,1328.0,74000.0,360,1,1,salaried,semiurban,1
4401.0,0.0,117000.0,180,1,3,self_employed,semiurban,1
5600.0,0.0,124000.0,360,1,3,salaried,semiurban,0
6688.0,0.0,203000.0,180,0,0,self_employed,rural,0
4461.0,0.0,126000.0,180,1,0,salaried,urban,0
8019.0,0.0,82000.0,360,1,0,salaried,rural,1
4694.0,0.0,112000.0,360,1,2,salaried,urban,0
6949.0,1655.0,51000.0,360,1,0,salaried,semiurban,1
3659.0,0.0,38000.0,360,0,0,salaried,rural,0
1889.0,5591.0,159000.0,360,1,1,salaried,rural,1
5346.0,2041.0,92000.0,360,0,1,salaried,semiurban,0
6719.0,841.0,97000.0,240,1,1,salaried,semiurban,1
6233.0,865.0,159000.0,300,1,2,salaried,urban,1
5774.0,0.0,205000.0,300,1,1,self_employed,semiurban,0
3927.0,0.0,139000.0,360,1,2,self_employed,rural,1
3123.0,669.0,260000.0,300,1,0,self_employed,rural,0
6160.0,0.0,137000.0,360,1,2,salaried,semiurban,1
5786.0,3226.0,125000.0,360,0,1,self_employed,urban,1
3532.0,1544.0,122000.0,360,1,0,salaried,semiurban,1
8141.0,2454.0,61000.0,360,1,3,salaried,urban,1
3007.0,2279.0,168000.0,360,0,3,salaried,urban,0
3492.0,3046.0,36000.0,360,1,2,self_employed,urban,1
10596.0,3051.0,84000.0,240,1,2,salaried,semiurban,1
7218.0,322.0,110000.0,360,1,0,salaried,urban,1
3909.0,1689.0,76000.0,240,0,0,unemployed,urban,0
5397.0,0.0,89000.0,360,1,0,salaried,urban,1
5051.0,1499.0,250000.0,300,1,2,salaried,rural,0
1185.0,2049.0,179000.0,180,1,2,unemployed,semiurban,0
2971.0,3380.0,80000.0,240,1,3,salaried,urban,0
4558.0,2115.0,88000.0,360,1,2,salaried,urban,1
3912.0,5742.0,61000.0,360,1,1,self_employed,semiurban,1
5290.0,4398.0,150000.0,300,1,0,self_employed,urban,1
8223.0,0.0,98000.0,240,1,0,salaried,semiurban,1
3981.0,0.0,45000.0,360,1,0,self_employed,semiurban,1
2755.0,0.0,114000.0,360,0,2,salaried,rural,0
5500.0,0.0,133000.0,360,1,0,salaried,urban,1
3971.0,775.0,168000.0,180,1,2,salaried,semiurban,0
4324.0,2333.0,106000.0,360,1,1,salaried,urban,1
4040.0,2224.0,92000.0,360,1,0,self_employed,rural,1
14342.0,3252.0,267000.0,360,0,2,self_employed,rural,1
1525.0,5312.0,109000.0,360,1,1,salaried,semiurban,1
3850.0,1962.0,151000.0,360,1,1,salaried,semiurban,0
4666.0,0.0,86000.0,360,1,0,salaried,urban,1
3163.0,2351.0,149000.0,240,1,0,self_employed,rural,0
7331.0,799.0,57000.0,180,0,0,salaried,semiurban,0
7021.0,0.0,89000.0,300,0,1,salaried,urban,1
4565.0,1539.0,63000.0,180,1,2,salaried,semiurban,1
4083.0,0.0,83000.0,300,1,3,salaried,semiurban,1
4421.0,0.0,192000.0,360,1,2,self_employed,rural,1
4436.0,0.0,83000.0,360,0,0,self_employed,semiurban,1
4495.0,1785.0,151000.0,120,1,3,salaried,semiurban,0
4256.0,1460.0,216000.0,180,1,0,self_employed,semiurban,0
5304.0,0.0,108000.0,360,1,0,unemployed,urban,1
6813.0,0.0,171000.0,360,1,1,salaried,urban,0
2527.0,0.0,139000.0,180,0,2,salaried,urban,0
2765.0,1585.0,115000.0,360,1,3,salaried,rural,0
1950.0,4637.0,153000.0,240,1,2,self_employed,semiurban,1
7210.0,769.0,250000.0,180,1,0,salaried,semiurban,0
5298.0,756.0,82000.0,360,0,0,salaried,urban,1
6019.0,854.0,71000.0,360,1,0,salaried,urban,1
2288.0,0.0,69000.0,300,0,1,self_employed,semiurban,0
11413.0,4636.0,171000.0,360,0,0,salaried,urban,0
3448.0,0.0,181000.0,360,0,0,self_employed,urban,0
5085.0,0.0,86000.0,120,1,0,salaried,semiurban,0
7167.0,1718.0,42000.0,360,1,1,unemployed,urban,1
2854.0,2984.0,81000.0,240,0,1,salaried,urban,1
3558.0,0.0,140000.0,360,0,0,salaried,semiurban,0
5113.0,1376.0,106000.0,360,1,0,self_employed,rural,1
19511.0,779.0,118000.0,300,1,1,self_employed,urban,1
5435.0,0.0,86000.0,240,1,1,salaried,semiurban,0
10438.0,0.0,172000.0,360,1,0,salaried,rural,1
8543.0,0.0,127000.0,300,0,0,self_employed,semiurban,0
5620.0,0.0,142000.0,360,1,3,self_employed,semiurban,1
2851.0,4747.0,117000.0,300,1,2,salaried,semiurban,1
7942.0,0.0,138000.0,360,1,0,salaried,semiurban,1
2210.0,0.0,134000.0,360,0,1,self_employed,urban,0
10409.0,0.0,72000.0,300,1,1,self_employed,semiurban,1
5167.0,0.0,129000.0,360,1,0,self_employed,urban,0
1243.0,0.0,156000.0,360,1,0,salaried,urban,0
3943.0,0.0,183000.0,360,0,3,salaried,urban,0
6483.0,2620.0,132000.0,360,1,1,self_employed,urban,1
4153.0,0.0,71000.0,360,1,0,self_employed,urban,1
6684.0,3902.0,76000.0,360,1,2,self_employed,semiurban,0
3056.0,0.0,90000.0,360,0,0,salaried,rural,0
2433.0,0.0,119000.0,360,1,1,salaried,urban,1
4511.0,0.0,103000.0,300,1,0,self_employed,semiurban,1
4749.0,2497.0,66000.0,360,1,0,salaried,semiurban,1
3928.0,871.0,66000.0,360,1,0,unemployed,urban,0
8636.0,3186.0,42000.0,360,0,3,salaried,urban,0
3056.0,1966.0,27000.0,240,0,1,self_employed,urban,0
5468.0,2433.0,103000.0,240,1,2,self_employed,urban,1
4837.0,0.0,310000.0,240,0,0,salaried,urban,0
2147.0,1676.0,245000.0,360,1,2,salaried,urban,0
2417.0,0.0,70000.0,360,0,0,salaried,semiurban,0
4703.0,3475.0,117000.0,300,1,1,salaried,urban,1
12589.0,0.0,56000.0,240,1,0,salaried,urban,1
6246.0,0.0,60000.0,360,0,1,salaried,urban,0
1973.0,0.0,64000.0,360,0,0,unemployed,semiurban,0
987.0,0.0,99000.0,360,1,0,salaried,urban,0
6745.0,0.0,100000.0,180,1,2,salaried,semiurban,1
4455.0,0.0,122000.0,180,0,0,salaried,urban,0
8272.0,0.0,147000.0,180,1,0,salaried,urban,1
3010.0,1157.0,94000.0,300,1,2,salaried,rural,1
5570.0,447.0,111000.0,360,1,0,salaried,urban,1
7137.0,0.0,67000.0,240,1,1,self_employed,urban,1
3738.0,2585.0,60000.0,300,1,2,salaried,urban,1
3778.0,1957.0,56000.0,120,0,1,unemployed,rural,0
4735.0,0.0,146000.0,300,1,0,salaried,semiurban,0
6132.0,557.0,94000.0,180,1,1,salaried,semiurban,0
4642.0,0.0,47000.0,180,1,1,self_employed,rural,0
7608.0,0.0,106000.0,120,0,0,self_employed,urban,0
3711.0,0.0,62000.0,360,1,2,salaried,rural,1
2406.0,0.0,230000.0,360,0,3,salaried,urban,0
12563.0,0.0,84000.0,360,1,0,salaried,semiurban,1
3455.0,0.0,148000.0,180,1,0,salaried,semiurban,0
3518.0,0.0,178000.0,360,0,1,salaried,urban,0
4524.0,1568.0,71000.0,360,1,0,salaried,rural,1
4835.0,0.0,113000.0,360,0,2,salaried,urban,0
3853.0,0.0,140000.0,180,1,0,salaried,rural,0
4634.0,2063.0,115000.0,360,1,0,unemployed,urban,1
4583.0,4289.0,128000.0,360,1,1,self_employed,semiurban,1
5102.0,0.0,60000.0,360,0,3,salaried,rural,0
1438.0,5349.0,140000.0,360,1,0,salaried,urban,1
11973.0,0.0,88000.0,360,1,2,salaried,rural,1
4343.0,2709.0,128000.0,360,1,0,salaried,semiurban,1
6250.0,2191.0,165000.0,180,0,0,self_employed,semiurban,0
2347.0,0.0,147000.0,180,0,1,self_employed,urban,0
3694.0,1996.0,128000.0,360,0,0,self_employed,semiurban,1
3340.0,1466.0,146000.0,180,1,1,unemployed,semiurban,0
9748.0,0.0,149000.0,300,1,0,unemployed,semiurban,1
3488.0,1733.0,214000.0,240,0,0,unemployed,urban,1
6830.0,701.0,107000.0,240,0,0,salaried,urban,0
3377.0,0.0,117000.0,120,0,2,salaried,rural,0
3728.0,0.0,166000.0,360,0,3,salaried,urban,0
4135.0,0.0,87000.0,360,0,0,salaried,semiurban,0
8883.0,892.0,60000.0,360,1,0,salaried,rural,1
1817.0,2465.0,136000.0,300,1,3,self_employed,urban,0
2422.0,0.0,99000.0,360,0,0,salaried,urban,0
1766.0,0.0,63000.0,360,1,2,salaried,semiurban,0
2714.0,2716.0,137000.0,360,1,1,salaried,urban,0
3116.0,0.0,208000.0,300,1,2,salaried,semiurban,0
2085.0,300.0,52000.0,120,1,0,salaried,semiurban,0
3239.0,0.0,173000.0,360,0,0,self_employed,semiurban,0
1707.0,0.0,35000.0,360,0,0,salaried,urban,0
2810.0,0.0,91000.0,180,1,0,self_employed,semiurban,0
8520.0,0.0,250000.0,360,1,0,salaried,semiurban,1
5720.0,770.0,94000.0,360,1,3,salaried,urban,1
5134.0,0.0,114000.0,180,0,0,salaried,semiurban,0
2832.0,668.0,154000.0,360,1,0,self_employed,rural,0
2169.0,0.0,50000.0,240,1,0,self_employed,semiurban,0
2645.0,0.0,113000.0,120,1,0,salaried,semiurban,0
4575.0,2554.0,112000.0,360,1,1,unemployed,urban,1
7216.0,2245.0,252000.0,360,1,0,salaried,urban,1
7341.0,5252.0,63000.0,360,1,2,self_employed,urban,1
6408.0,4665.0,92000.0,360,1,2,salaried,urban,1
3233.0,4495.0,72000.0,360,1,0,salaried,rural,1
4733.0,0.0,68000.0,360,1,2,self_employed,urban,1
3981.0,1565.0,181000.0,360,1,0,salaried,rural,1
4228.0,0.0,110000.0,240,1,0,salaried,urban,0
12946.0,0.0,85000.0,360,1,3,salaried,urban,1
1937.0,0.0,86000.0,360,1,2,salaried,urban,0
4157.0,1563.0,85000.0,360,0,0,self_employed,urban,0
8569.0,0.0,88000.0,300,1,0,self_employed,rural,1
2246.0,0.0,62000.0,180,1,0,self_employed,rural,0
3388.0,0.0,97000.0,360,1,1,salaried,rural,1
3588.0,0.0,93000.0,360,1,1,salaried,urban,1
4181.0,0.0,78000.0,300,1,0,salaried,rural,0
2105.0,2809.0,117000.0,360,1,2,salaried,urban,1
6296.0,0.0,122000.0,360,1,1,salaried,rural,1
6523.0,7469.0,85000.0,360,0,0,unemployed,semiurban,0
6028.0,0.0,102000.0,300,1,2,self_employed,urban,1
3025.0,2899.0,288000.0,360,0,1,self_employed,urban,0
4882.0,6845.0,283000.0,180,1,0,salaried,urban,0
2982.0,1459.0,68000.0,240,1,1,salaried,urban,1
3959.0,1878.0,72000.0,360,0,2,salaried,rural,1
13722.0,0.0,68000.0,300,1,3,salaried,rural,1
4904.0,1771.0,176000.0,120,1,0,salaried,rural,1
2582.0,0.0,91000.0,240,1,1,salaried,urban,0
5116.0,3373.0,122000.0,360,1,2,salaried,semiurban,1
2378.0,0.0,268000.0,360,1,3,unemployed,urban,0
2567.0,1646.0,109000.0,300,1,0,salaried,semiurban,1
2778.0,1863.0,150000.0,360,1,1,unemployed,urban,1
3744.0,3405.0,138000.0,360,1,2,salaried,urban,1
7469.0,0.0,84000.0,300,1,0,salaried,semiurban,1
6243.0,0.0,176000.0,360,1,0,salaried,urban,0
6072.0,0.0,74000.0,180,0,1,salaried,semiurban,0
2699.0,574.0,199000.0,360,1,1,salaried,semiurban,1
3567.0,3227.0,84000.0,180,1,1,salaried,urban,1
5356.0,619.0,88000.0,180,0,0,self_employed,rural,0
3415.0,1840.0,67000.0,180,0,2,salaried,semiurban,0
4068.0,0.0,72000.0,180,1,0,salaried,rural,1
5829.0,5442.0,90000.0,360,1,2,salaried,semiurban,1
3927.0,0.0,37000.0,360,1,0,salaried,semiurban,1
5235.0,0.0,98000.0,360,0,0,salaried,semiurban,0
10367.0,2194.0,87000.0,360,1,3,salaried,rural,1
4290.0,1496.0,156000.0,360,1,2,unemployed,semiurban,1
8431.0,697.0,132000.0,240,1,0,self_employed,urban,1
6184.0,2887.0,79000.0,360,1,0,self_employed,urban,1
2245.0,496.0,89000.0,300,1,1,salaried,semiurban,0
2694.0,0.0,98000.0,360,0,3,salaried,urban,1
3082.0,1336.0,213000.0,360,1,0,unemployed,urban,1
3049.0,0.0,75000.0,240,1,3,salaried,urban,0
4469.0,0.0,79000.0,360,0,0,salaried,semiurban,1
6357.0,0.0,66000.0,360,1,1,salaried,urban,1
8757.0,0.0,56000.0,360,1,0,self_employed,semiurban,1
5454.0,365.0,125000.0,180,1,0,self_employed,rural,0
3741.0,2627.0,120000.0,360,0,3,self_employed,rural,0
1651.0,5594.0,194000.0,360,1,0,self_employed,urban,0
4843.0,0.0,174000.0,300,0,3,salaried,semiurban,0
4736.0,0.0,321000.0,360,1,0,unemployed,semiurban,0
5123.0,869.0,106000.0,180,1,0,salaried,semiurban,1
13401.0,1383.0,97000.0,360,1,3,self_employed,semiurban,1
8693.0,7736.0,61000.0,180,1,1,salaried,urban,1
6922.0,741.0,149000.0,240,1,0,unemployed,rural,0
2890.0,0.0,115000.0,240,1,1,salaried,urban,1
3617.0,3865.0,146000.0,360,1,0,salaried,rural,1
4459.0,1478.0,65000.0,360,1,2,salaried,semiurban,1
3173.0,874.0,128000.0,120,0,0,salaried,urban,0
6004.0,5823.0,120000.0,240,1,1,salaried,semiurban,1
5588.0,2759.0,116000.0,360,1,0,self_employed,urban,1
2713.0,0.0,80000.0,360,1,1,salaried,rural,0
8505.0,896.0,186000.0,120,1,3,unemployed,semiurban,0
4920.0,0.0,274000.0,360,0,2,salaried,urban,0
1969.0,1964.0,66000.0,240,0,0,self_employed,urban,0
4557.0,5314.0,151000.0,360,1,0,salaried,semiurban,1
5381.0,3735.0,30000.0,240,0,0,self_employed,urban,1
7604.0,1388.0,147000.0,360,1,2,salaried,rural,1
3949.0,1395.0,47000.0,360,0,0,salaried,semiurban,0
7072.0,5500.0,86000.0,300,0,1,unemployed,semiurban,1
5134.0,0.0,60000.0,360,1,0,salaried,urban,1
2422.0,0.0,99000.0,360,1,3,salaried,semiurban,0
2304.0,0.0,159000.0,360,0,1,self_employed,rural,0
8195.0,1836.0,47000.0,360,1,1,self_employed,urban,1
8501.0,0.0,93000.0,360,1,2,salaried,urban,1
5494.0,0.0,87000.0,360,1,3,salaried,urban,1
9876.0,777.0,222000.0,120,1,1,self_employed,urban,0
7929.0,1442.0,132000.0,120,1,2,self_employed,semiurban,0
6580.0,1143.0,64000.0,240,1,1,unemployed,semiurban,0
2964.0,0.0,88000.0,360,1,0,salaried,semiurban,1
11111.0,1901.0,220000.0,240,1,0,self_employed,urban,1
6113.0,982.0,150000.0,240,1,1,salaried,urban,0
3855.0,0.0,72000.0,360,1,1,unemployed,urban,1
3347.0,2822.0,97000.0,240,1,0,salaried,rural,0
5316.0,0.0,98000.0,300,1,0,self_employed,semiurban,1
2027.0,0.0,86000.0,360,1,1,salaried,urban,0
6633.0,0.0,51000.0,240,1,0,salaried,rural,1
2902.0,0.0,80000.0,360,1,1,self_employed,urban,0
5627.0,1333.0,204000.0,240,1,1,salaried,urban,0
3602.0,0.0,92000.0,360,1,0,self_employed,urban,1
4096.0,0.0,104000.0,360,0,0,salaried,rural,0
3202.0,0.0,116000.0,180,1,0,self_employed,semiurban,0
4313.0,3288.0,296000.0,180,0,0,salaried,semiurban,0
12024.0,3006.0,110000.0,360,1,1,salaried,urban,1
9344.0,4859.0,178000.0,300,1,1,salaried,urban,1
5582.0,3726.0,83000.0,240,1,2,salaried,semiurban,1
4616.0,0.0,97000.0,360,1,0,salaried,urban,1
7130.0,0.0,110000.0,360,1,1,self_employed,rural,1
8225.0,0.0,77000.0,360,0,0,self_employed,semiurban,0
3087.0,0.0,100000.0,240,0,2,self_employed,semiurban,0
4498.0,686.0,163000.0,240,1,0,salaried,semiurban,0
1880.0,736.0,76000.0,360,0,1,salaried,rural,0
8197.0,2968.0,109000.0,240,1,1,salaried,semiurban,1
13128.0,6232.0,150000.0,240,1,0,self_employed,semiurban,0
4866.0,2282.0,75000.0,180,0,3,self_employed,rural,0
1616.0,4022.0,179000.0,180,1,0,salaried,urban,0
6339.0,494.0,113000.0,360,1,0,self_employed,rural,1
2975.0,0.0,101000.0,240,1,1,salaried,urban,0
3355.0,538.0,44000.0,360,1,1,salaried,semiurban,1
6395.0,3451.0,92000.0,240,1,0,salaried,rural,1
5310.0,677.0,129000.0,300,1,0,salaried,semiurban,0
3663.0,0.0,239000.0,300,1,0,self_employed,semiurban,0
3379.0,0.0,141000.0,360,1,2,self_employed,semiurban,0
4979.0,4202.0,181000.0,360,0,1,salaried,urban,1
3810.0,1788.0,63000.0,360,1,0,salaried,urban,1
2685.0,0.0,103000.0,120,1,0,self_employed,urban,0
3959.0,0.0,189000.0,360,1,2,unemployed,semiurban,0
5540.0,0.0,73000.0,360,1,2,salaried,semiurban,1
4277.0,929.0,168000.0,120,1,0,salaried,urban,0
2306.0,0.0,152000.0,360,1,1,self_employed,rural,0
7666.0,0.0,123000.0,240,0,0,salaried,urban,0
1189.0,3736.0,94000.0,360,1,0,unemployed,semiurban,1
3740.0,0.0,70000.0,360,1,2,salaried,urban,0
3429.0,882.0,243000.0,300,1,2,self_employed,urban,1
5035.0,0.0,145000.0,360,0,0,salaried,semiurban,0
6191.0,1996.0,127000.0,360,1,2,salaried,semiurban,1
8212.0,1425.0,91000.0,360,1,1,self_employed,urban,0
3274.0,0.0,111000.0,360,1,2,salaried,rural,0
6268.0,0.0,117000.0,300,1,2,salaried,rural,1
5156.0,3723.0,131000.0,360,1,1,unemployed,semiurban,0
1987.0,0.0,152000.0,300,1,3,self_employed,rural,0
12092.0,997.0,77000.0,360,1,0,salaried,rural,1
2277.0,1587.0,56000.0,240,1,1,salaried,urban,0
5766.0,0.0,113000.0,360,1,0,salaried,semiurban,0
5682.0,4180.0,50000.0,360,1,2,self_employed,semiurban,1
5366.0,634.0,94000.0,360,1,0,salaried,urban,0
3651.0,0.0,87000.0,360,1,0,salaried,urban,1
7070.0,5139.0,136000.0,360,1,2,self_employed,urban,1
2143.0,878.0,266000.0,360,1,0,unemployed,semiurban,0
4524.0,342.0,45000.0,360,1,0,self_employed,rural,1
3527.0,0.0,304000.0,240,1,0,unemployed,semiurban,0
3332.0,4384.0,98000.0,360,1,1,self_employed,urban,1
5793.0,6087.0,128000.0,300,1,0,self_employed,urban,1
8012.0,0.0,58000.0,360,1,0,self_employed,semiurban,1
3938.0,6812.0,171000.0,360,1,1,salaried,semiurban,1
6907.0,420.0,111000.0,240,1,3,salaried,rural,0
4793.0,0.0,106000.0,360,1,2,salaried,rural,1
2992.0,0.0,46000.0,360,1,0,self_employed,rural,1
4109.0,4477.0,113000.0,360,0,2,salaried,rural,0
4025.0,0.0,160000.0,360,1,2,salaried,rural,0
3300.0,0.0,98000.0,360,1,1,salaried,semiurban,0
5792.0,776.0,185000.0,360,1,1,salaried,urban,0
5257.0,0.0,182000.0,240,0,0,salaried,urban,0
2110.0,0.0,82000.0,180,1,1,self_employed,urban,0
2047.0,0.0,224000.0,360,1,1,self_employed,urban,0
5781.0,0.0,111000.0,240,1,0,salaried,urban,1
3110.0,0.0,112000.0,180,1,0,salaried,rural,0
5437.0,0.0,114000.0,180,1,0,salaried,urban,0
6908.0,0.0,113000.0,300,0,1,self_employed,rural,0
2476.0,0.0,33000.0,360,1,0,self_employed,semiurban,1
2308.0,0.0,100000.0,240,0,1,salaried,semiurban,0
10799.0,0.0,59000.0,240,0,2,self_employed,semiurban,0
5574.0,0.0,227000.0,360,0,0,salaried,urban,0
3791.0,7479.0,223000.0,360,0,0,salaried,semiurban,1
2931.0,4036.0,160000.0,240,1,0,unemployed,urban,0
3622.0,0.0,98000.0,360,1,0,salaried,rural,0
2578.0,1625.0,69000.0,180,1,2,salaried,urban,1
7271.0,0.0,81000.0,360,1,1,salaried,urban,1
3170.0,0.0,261000.0,120,1,2,salaried,semiurban,0
8077.0,0.0,80000.0,360,0,3,unemployed,semiurban,0
3826.0,787.0,38000.0,240,1,0,unemployed,semiurban,1
2775.0,0.0,173000.0,360,1,1,salaried,semiurban,0
3778.0,882.0,214000.0,120,1,0,salaried,urban,0
1259.0,914.0,230000.0,360,1,0,self_employed,semiurban,0
4401.0,6323.0,174000.0,360,1,0,salaried,urban,1
4294.0,2083.0,187000.0,120,1,0,self_employed,urban,0
7061.0,2310.0,112000.0,360,1,1,self_employed,urban,1
1820.0,0.0,43000.0,300,1,1,salaried,urban,1
8358.0,0.0,110000.0,240,0,0,self_employed,urban,0
7047.0,2760.0,144000.0,240,1,0,salaried,semiurban,1
8743.0,2289.0,103000.0,300,1,1,salaried,urban,1
4553.0,442.0,101000.0,240,1,1,salaried,urban,1
7762.0,0.0,71000.0,360,1,1,salaried,semiurban,0
2240.0,0.0,70000.0,360,1,0,self_employed,urban,0
6678.0,4908.0,249000.0,360,1,0,self_employed,semiurban,1
3179.0,1263.0,254000.0,360,1,2,unemployed,rural,0
2047.0,416.0,109000.0,360,1,1,unemployed,semiurban,1
2665.0,0.0,124000.0,300,1,0,salaried,rural,1
4688.0,927.0,70000.0,360,1,0,salaried,urban,1
3096.0,3347.0,146000.0,360,1,0,self_employed,urban,1
5642.0,298.0,241000.0,240,1,1,unemployed,semiurban,0
1893.0,1460.0,55000.0,360,1,0,salaried,semiurban,1
1614.0,5421.0,134000.0,360,0,1,salaried,rural,1
9285.0,2008.0,139000.0,360,1,3,salaried,urban,1
7346.0,0.0,138000.0,360,0,0,salaried,rural,0
2767.0,633.0,228000.0,300,0,0,self_employed,urban,0
4668.0,651.0,273000.0,360,0,0,salaried,urban,0
7783.0,0.0,98000.0,300,0,0,self_employed,urban,0
5765.0,2145.0,148000.0,120,1,3,self_employed,rural,0
5035.0,0.0,113000.0,360,0,3,self_employed,urban,0
8083.0,0.0,82000.0,240,0,0,salaried,rural,0
3244.0,2144.0,123000.0,360,1,2,salaried,semiurban,1
4749.0,0.0,148000.0,360,1,0,self_employed,semiurban,0
4634.0,0.0,120000.0,360,0,1,self_employed,semiurban,0
4079.0,0.0,73000.0,360,1,1,salaried,rural,1
3847.0,2804.0,89000.0,360,1,0,self_employed,urban,1
4849.0,1281.0,89000.0,360,1,1,salaried,urban,1
4756.0,339.0,75000.0,360,1,1,self_employed,semiurban,1
2768.0,0.0,126000.0,360,1,0,salaried,urban,0
6981.0,0.0,132000.0,360,1,3,salaried,urban,1
2869.0,972.0,170000.0,240,1,0,salaried,urban,1
4192.0,1541.0,74000.0,120,0,0,salaried,urban,0
4033.0,3161.0,84000.0,240,1,3,salaried,urban,1
5592.0,5640.0,220000.0,360,1,0,salaried,urban,1
1620.0,0.0,101000.0,240,1,0,salaried,rural,0
7299.0,1505.0,111000.0,360,1,0,self_employed,urban,1
3333.0,0.0,101000.0,360,0,0,salaried,rural,0
8604.0,0.0,182000.0,360,1,0,self_employed,rural,1
3681.0,0.0,185000.0,360,1,0,self_employed,urban,0
4562.0,0.0,180000.0,360,0,1,salaried,semiurban,0
12172.0,2275.0,110000.0,360,1,0,salaried,semiurban,1
4070.0,0.0,74000.0,360,1,2,self_employed,semiurban,0
8686.0,0.0,259000.0,240,1,2,self_employed,urban,1
4767.0,4473.0,160000.0,360,1,0,salaried,urban,1
5754.0,944.0,89000.0,240,0,3,self_employed,urban,0
4841.0,2886.0,207000.0,240,1,2,salaried,semiurban,0
7143.0,1205.0,86000.0,300,1,3,salaried,rural,1
3318.0,2635.0,206000.0,360,1,1,self_employed,semiurban,1
2858.0,3236.0,212000.0,360,0,0,salaried,semiurban,0
3397.0,0.0,72000.0,120,1,0,self_employed,rural,0
4914.0,10777.0,142000.0,360,1,2,salaried,semiurban,1
4186.0,5429.0,155000.0,240,1,1,self_employed,urban,1
6668.0,4555.0,354000.0,240,1,2,salaried,rural,1
8977.0,3412.0,78000.0,300,1,1,salaried,urban,1
2870.0,0.0,208000.0,300,1,0,salaried,urban,0
3239.0,731.0,110000.0,360,1,0,salaried,semiurban,1
2280.0,5214.0,62000.0,120,1,3,self_employed,rural,1
12903.0,998.0,103000.0,240,1,0,salaried,urban,1
5444.0,1346.0,109000.0,120,1,1,salaried,semiurban,0
5943.0,0.0,68000.0,360,1,3,salaried,urban,1
2392.0,0.0,126000.0,360,1,0,salaried,urban,0
4672.0,891.0,168000.0,360,0,0,self_employed,urban,0
6031.0,0.0,121000.0,360,1,1,salaried,semiurban,1
4120.0,2139.0,85000.0,360,1,2,unemployed,rural,0
8005.0,0.0,102000.0,240,1,1,salaried,urban,1
14852.0,0.0,109000.0,180,1,0,self_employed,urban,1
2912.0,22140.0,120000.0,360,1,0,salaried,urban,0
2804.0,0.0,180000.0,240,0,0,salaried,urban,0
3014.0,0.0,123000.0,360,1,0,self_employed,semiurban,0
10437.0,806.0,58000.0,360,1,0,unemployed,semiurban,1
7873.0,0.0,85000.0,300,1,2,self_employed,semiurban,1
4369.0,0.0,118000.0,360,1,0,salaried,urban,0
4761.0,2772.0,181000.0,300,1,2,salaried,semiurban,1
3108.0,0.0,196000.0,180,1,3,self_employed,urban,0
7296.0,0.0,242000.0,360,1,1,salaried,urban,0
3866.0,8018.0,116000.0,360,0,1,self_employed,rural,0
4105.0,1194.0,154000.0,120,1,0,salaried,semiurban,0
6338.0,0.0,57000.0,180,1,1,salaried,rural,1
4256.0,0.0,132000.0,180,0,0,self_employed,rural,0
4157.0,3731.0,67000.0,180,1,0,self_employed,semiurban,1
4700.0,4887.0,106000.0,180,1,1,salaried,rural,0
6958.0,2697.0,427000.0,240,1,0,salaried,urban,0
10649.0,0.0,125000.0,360,0,0,salaried,urban,0
6265.0,0.0,74000.0,360,1,1,salaried,urban,1
6986.0,3800.0,131000.0,360,1,0,salaried,urban,1
4230.0,0.0,86000.0,360,1,0,salaried,urban,0
3282.0,0.0,71000.0,360,1,0,self_employed,urban,0
6483.0,621.0,281000.0,360,1,0,self_employed,semiurban,1
5093.0,1059.0,176000.0,360,1,1,salaried,rural,1
2295.0,0.0,127000.0,360,0,1,salaried,semiurban,0
3968.0,312.0,91000.0,360,1,0,salaried,urban,1
4485.0,2820.0,95000.0,360,1,1,salaried,semiurban,0
3622.0,0.0,218000.0,360,1,3,salaried,urban,1
9807.0,0.0,125000.0,240,1,1,salaried,urban,1
5943.0,1479.0,27000.0,180,1,1,self_employed,urban,1
9289.0,0.0,324000.0,360,1,1,salaried,urban,0
5333.0,0.0,118000.0,180,1,2,salaried,urban,0
4869.0,1415.0,127000.0,240,0,3,salaried,rural,0
2927.0,1239.0,178000.0,120,1,0,self_employed,semiurban,0
4703.0,0.0,135000.0,300,1,0,self_employed,semiurban,0
4706.0,0.0,153000.0,360,0,0,salaried,urban,0
2360.0,1639.0,90000.0,300,1,2,self_employed,rural,1
3570.0,0.0,63000.0,240,0,0,salaried,semiurban,0
3977.0,0.0,124000.0,360,0,2,salaried,urban,0
5749.0,0.0,208000.0,300,1,0,unemployed,semiurban,0
5888.0,0.0,82000.0,360,1,1,salaried,semiurban,0
3496.0,1323.0,79000.0,360,1,0,salaried,semiurban,1
5910.0,606.0,189000.0,120,0,0,salaried,urban,0
4268.0,665.0,89000.0,360,1,0,salaried,semiurban,0
1113.0,0.0,91000.0,120,0,1,self_employed,urban,0
3669.0,0.0,92000.0,360,1,0,salaried,urban,0
8018.0,0.0,106000.0,360,1,0,salaried,urban,1
2016.0,572.0,54000.0,360,1,1,salaried,rural,1
4946.0,0.0,86000.0,240,0,3,salaried,urban,0
10328.0,768.0,121000.0,360,1,2,salaried,urban,0
3196.0,1661.0,121000.0,360,1,1,salaried,urban,1
4680.0,4243.0,184000.0,360,0,0,self_employed,rural,0
2436.0,0.0,250000.0,240,1,2,salaried,semiurban,0
10547.0,1933.0,215000.0,360,1,0,salaried,rural,0
4484.0,0.0,165000.0,240,0,3,salaried,urban,0
4785.0,0.0,102000.0,120,0,2,salaried,urban,0
9202.0,0.0,82000.0,360,1,0,salaried,semiurban,1
6508.0,2233.0,110000.0,360,1,0,salaried,urban,0
3018.0,0.0,142000.0,240,1,1,salaried,rural,0
3382.0,0.0,158000.0,360,1,1,self_employed,rural,0
5988.0,2866.0,144000.0,360,1,1,unemployed,semiurban,1
3422.0,0.0,103000.0,360,1,3,salaried,rural,1
1622.0,0.0,155000.0,360,1,1,salaried,semiurban,0
4552.0,1840.0,192000.0,360,1,0,salaried,urban,1
2230.0,2926.0,162000.0,360,0,1,salaried,semiurban,0
10490.0,3576.0,108000.0,180,1,0,salaried,urban,1
5107.0,2791.0,75000.0,180,1,1,self_employed,rural,1
2973.0,0.0,74000.0,360,0,2,self_employed,urban,0
3297.0,3840.0,80000.0,180,0,0,self_employed,urban,0
1818.0,1084.0,122000.0,300,1,2,salaried,semiurban,1
2698.0,793.0,138000.0,360,0,2,unemployed,urban,0
7771.0,213.0,58000.0,240,1,0,salaried,urban,1
14270.0,1902.0,87000.0,240,1,2,salaried,semiurban,1
6722.0,0.0,122000.0,360,1,2,salaried,urban,0
4465.0,2640.0,73000.0,300,1,0,unemployed,semiurban,0
3767.0,503.0,133000.0,360,1,0,salaried,urban,1
2898.0,0.0,95000.0,180,1,0,self_employed,urban,0
13094.0,0.0,79000.0,360,0,1,salaried,urban,0
4254.0,972.0,112000.0,240,1,0,unemployed,semiurban,0
13465.0,2661.0,130000.0,360,1,0,salaried,rural,1
9384.0,1353.0,74000.0,180,1,3,salaried,urban,1
1958.0,1953.0,98000.0,240,1,1,unemployed,rural,0
3351.0,3031.0,135000.0,360,0,1,salaried,semiurban,0
3346.0,0.0,77000.0,240,1,3,salaried,semiurban,1
4492.0,0.0,52000.0,360,0,0,salaried,semiurban,0
4536.0,1130.0,55000.0,240,1,0,salaried,semiurban,1
20913.0,0.0,90000.0,240,1,1,salaried,rural,1
2728.0,3121.0,60000.0,240,1,0,salaried,semiurban,1
5242.0,978.0,93000.0,360,1,0,salaried,semiurban,1
6363.0,1764.0,231000.0,300,0,2,self_employed,urban,0
4671.0,1525.0,59000.0,240,1,0,salaried,urban,1
4940.0,0.0,96000.0,360,1,1,salaried,semiurban,0
2773.0,986.0,285000.0,300,1,1,salaried,urban,0
4931.0,0.0,131000.0,360,1,1,salaried,urban,0
6037.0,2877.0,92000.0,360,1,0,self_employed,urban,0
5507.0,0.0,102000.0,360,1,0,unemployed,urban,0
6217.0,0.0,132000.0,360,1,2,unemployed,semiurban,1
9474.0,2587.0,234000.0,300,1,3,salaried,semiurban,1
7469.0,4265.0,86000.0,360,0,0,salaried,semiurban,0
4845.0,0.0,78000.0,360,1,0,salaried,urban,1
2602.0,1493.0,59000.0,240,1,1,salaried,semiurban,1
3463.0,1032.0,114000.0,360,0,0,salaried,urban,0
4189.0,0.0,58000.0,360,0,0,self_employed,semiurban,0
5304.0,2377.0,89000.0,360,1,0,salaried,semiurban,0
3681.0,2137.0,72000.0,300,0,0,salaried,semiurban,0
2928.0,1761.0,177000.0,360,0,0,salaried,semiurban,1
2581.0,936.0,87000.0,360,1,0,salaried,rural,0
2048.0,2686.0,130000.0,360,1,2,salaried,semiurban,0
4157.0,2778.0,53000.0,300,1,0,salaried,semiurban,1
2242.0,2300.0,116000.0,300,1,0,self_employed,semiurban,1
2835.0,2160.0,63000.0,300,0,0,salaried,urban,1
3839.0,6474.0,90000.0,180,1,2,salaried,rural,1
2397.0,0.0,295000.0,360,1,0,salaried,urban,0
5653.0,0.0,166000.0,180,0,0,self_employed,urban,0
6769.0,1195.0,103000.0,300,1,1,salaried,rural,1
3552.0,4343.0,460000.0,360,1,1,self_employed,semiurban,0
3757.0,0.0,72000.0,360,0,2,unemployed,urban,0
6116.0,1628.0,184000.0,240,1,0,salaried,urban,1
3271.0,6391.0,55000.0,360,1,0,self_employed,urban,1
3161.0,0.0,98000.0,180,1,0,salaried,semiurban,0
8504.0,1081.0,59000.0,360,0,1,unemployed,urban,0
7274.0,0.0,122000.0,180,1,0,salaried,rural,0
6316.0,0.0,112000.0,360,1,0,unemployed,rural,0
7427.0,0.0,95000.0,360,1,0,salaried,semiurban,1
1740.0,953.0,178000.0,300,0,3,salaried,semiurban,0
9200.0,1813.0,85000.0,360,1,0,salaried,urban,1
5688.0,2304.0,126000.0,240,1,0,self_employed,urban,1
7750.0,0.0,158000.0,360,0,3,salaried,semiurban,0
5674.0,0.0,56000.0,180,1,1,salaried,urban,1
4791.0,0.0,78000.0,360,1,1,self_employed,urban,0
4074.0,1914.0,112000.0,360,1,1,self_employed,urban,1
5617.0,0.0,145000.0,360,1,0,salaried,urban,1
4000.0,1547.0,207000.0,180,1,2,salaried,semiurban,0
7215.0,0.0,99000.0,360,1,0,salaried,semiurban,1
2115.0,622.0,95000.0,360,1,3,self_employed,rural,0
3566.0,1455.0,74000.0,240,1,0,salaried,semiurban,1
12996.0,4164.0,127000.0,360,0,1,self_employed,rural,1
3419.0,0.0,95000.0,180,1,1,salaried,urban,0
4149.0,1163.0,96000.0,240,0,0,salaried,rural,0
3007.0,1072.0,105000.0,360,1,0,salaried,semiurban,0
5530.0,2973.0,140000.0,180,1,2,salaried,urban,0
3235.0,1292.0,85000.0,240,1,0,self_employed,rural,1
4261.0,0.0,77000.0,360,1,3,salaried,urban,1
7147.0,3690.0,132000.0,360,1,0,salaried,urban,1
3297.0,1365.0,28000.0,180,1,1,unemployed,urban,1
6935.0,0.0,83000.0,180,0,1,unemployed,urban,0
7052.0,804.0,65000.0,360,1,0,self_employed,urban,1
7923.0,2012.0,187000.0,360,1,1,salaried,semiurban,0
5015.0,542.0,89000.0,360,1,1,salaried,rural,1
23638.0,1623.0,85000.0,360,0,1,self_employed,urban,1
7921.0,754.0,107000.0,360,1,1,salaried,semiurban,1
5500.0,6298.0,83000.0,360,1,1,salaried,urban,1
3017.0,9096.0,91000.0,300,1,0,self_employed,rural,1
4454.0,0.0,114000.0,240,1,0,salaried,urban,1
9539.0,0.0,90000.0,240,1,0,salaried,urban,0
10990.0,0.0,90000.0,180,1,1,unemployed,semiurban,0
9790.0,1609.0,69000.0,300,1,3,salaried,semiurban,1
6923.0,7062.0,65000.0,360,0,0,salaried,rural,0
2495.0,0.0,112000.0,300,1,1,salaried,semiurban,0
5965.0,0.0,125000.0,180,1,0,salaried,rural,0
2513.0,1033.0,57000.0,360,1,1,salaried,urban,1
2222.0,4457.0,154000.0,360,0,1,self_employed,urban,0
5269.0,204.0,154000.0,240,1,1,self_employed,urban,0
6073.0,1466.0,169000.0,360,1,1,salaried,urban,0
7344.0,1935.0,125000.0,360,0,2,salaried,urban,0
5994.0,1258.0,145000.0,360,1,0,self_employed,semiurban,1
6098.0,0.0,292000.0,360,1,1,salaried,urban,0
2857.0,0.0,95000.0,360,1,0,salaried,semiurban,1
4436.0,0.0,68000.0,240,1,3,salaried,semiurban,1
2201.0,8651.0,55000.0,360,1,2,self_employed,semiurban,1
1717.0,0.0,240000.0,180,1,0,salaried,semiurban,0
6770.0,0.0,242000.0,360,1,0,self_employed,urban,0
3208.0,2219.0,72000.0,360,1,0,salaried,urban,0
7232.0,0.0,79000.0,300,0,3,salaried,semiurban,1
8137.0,0.0,94000.0,360,1,0,salaried,semiurban,1
3430.0,0.0,189000.0,240,0,1,salaried,urban,0
6280.0,2312.0,61000.0,180,1,0,salaried,urban,0
3359.0,0.0,45000.0,360,0,1,salaried,semiurban,0
1858.0,1696.0,289000.0,180,0,1,salaried,semiurban,0
4972.0,1165.0,126000.0,360,1,0,salaried,urban,1
3694.0,854.0,134000.0,240,1,2,salaried,semiurban,1
3752.0,1128.0,99000.0,360,1,0,salaried,rural,1
12552.0,893.0,135000.0,300,1,2,unemployed,urban,1
2180.0,1489.0,55000.0,300,1,0,salaried,rural,1
5661.0,0.0,75000.0,360,0,1,self_employed,urban,0
2843.0,2174.0,114000.0,360,1,0,unemployed,semiurban,0
7362.0,0.0,39000.0,240,1,1,salaried,semiurban,1
5427.0,425.0,95000.0,360,1,0,self_employed,urban,1
5651.0,0.0,93000.0,300,1,1,self_employed,rural,1
2915.0,0.0,95000.0,180,1,0,self_employed,semiurban,0
3188.0,0.0,85000.0,360,1,0,salaried,rural,0
7433.0,0.0,70000.0,360,1,2,salaried,urban,1
11332.0,0.0,48000.0,360,1,0,salaried,rural,1
5944.0,2255.0,116000.0,360,1,0,salaried,rural,0
2985.0,1187.0,95000.0,360,1,1,unemployed,semiurban,1
5538.0,3070.0,59000.0,240,1,0,unemployed,urban,1
15736.0,536.0,112000.0,240,1,2,salaried,semiurban,1
4921.0,3442.0,96000.0,180,1,0,self_employed,semiurban,1
9710.0,1966.0,89000.0,360,1,3,salaried,rural,1
3229.0,0.0,41000.0,180,0,2,self_employed,semiurban,0
4578.0,0.0,148000.0,360,1,0,salaried,urban,0
6373.0,0.0,63000.0,360,1,0,unemployed,urban,1
5703.0,0.0,112000.0,360,0,1,self_employed,semiurban,0
3187.0,19215.0,76000.0,180,0,2,salaried,rural,0
3119.0,4693.0,92000.0,240,1,0,salaried,urban,1
7663.0,0.0,183000.0,360,0,0,self_employed,semiurban,0
8483.0,0.0,139000.0,360,1,0,salaried,rural,0
9957.0,3201.0,181000.0,360,1,2,salaried,urban,0
11521.0,1046.0,127000.0,360,1,1,self_employed,urban,1
5001.0,827.0,130000.0,360,1,0,salaried,semiurban,1
4001.0,1912.0,49000.0,240,1,1,salaried,semiurban,1
9187.0,3517.0,95000.0,360,0,2,salaried,urban,0
6678.0,647.0,99000.0,180,1,3,salaried,rural,1
2861.0,0.0,189000.0,360,1,0,unemployed,semiurban,0
2788.0,0.0,87000.0,240,1,0,salaried,rural,0
5979.0,2057.0,123000.0,240,1,0,salaried,rural,1
4279.0,0.0,121000.0,180,0,1,salaried,rural,0
4614.0,0.0,184000.0,360,1,0,unemployed,semiurban,0
7993.0,10368.0,103000.0,360,1,0,salaried,urban,1
6833.0,0.0,158000.0,240,1,2,self_employed,semiurban,1
9090.0,483.0,51000.0,300,1,1,self_employed,urban,1
1780.0,0.0,53000.0,240,1,0,self_employed,semiurban,1
5307.0,903.0,39000.0,240,1,0,unemployed,urban,1
6617.0,0.0,155000.0,360,1,0,self_employed,semiurban,1
2179.0,0.0,148000.0,180,1,0,unemployed,urban,0
3370.0,1742.0,163000.0,360,1,0,salaried,urban,1
3071.0,1108.0,80000.0,360,1,0,self_employed,urban,1
4726.0,2705.0,85000.0,180,1,0,salaried,semiurban,1
10550.0,0.0,103000.0,360,0,2,salaried,rural,1
12853.0,0.0,209000.0,360,1,2,self_employed,urban,0
3111.0,1761.0,234000.0,360,1,0,unemployed,rural,0
6083.0,0.0,156000.0,360,0,1,self_employed,rural,1
6182.0,613.0,127000.0,120,1,0,salaried,urban,1
5675.0,1771.0,199000.0,180,0,2,salaried,semiurban,0
5707.0,822.0,97000.0,360,1,2,salaried,urban,1
5442.0,777.0,91000.0,300,0,1,salaried,urban,0
10870.0,2891.0,103000.0,360,1,1,salaried,semiurban,1
8113.0,576.0,70000.0,360,0,0,salaried,urban,0
2752.0,5370.0,101000.0,360,1,0,salaried,rural,0
6959.0,0.0,66000.0,180,1,0,self_employed,rural,1
7304.0,1938.0,173000.0,300,1,0,salaried,rural,0
5472.0,0.0,139000.0,360,1,1,unemployed,semiurban,0
8231.0,0.0,208000.0,300,1,0,salaried,semiurban,0
5136.0,0.0,52000.0,180,0,0,salaried,rural,0
5168.0,1236.0,257000.0,360,1,1,salaried,urban,0
4967.0,0.0,54000.0,360,1,2,salaried,urban,1
1704.0,615.0,64000.0,360,1,1,unemployed,semiurban,0
4491.0,636.0,83000.0,360,1,1,salaried,urban,1
3347.0,912.0,197000.0,360,0,2,salaried,urban,0
2583.0,2552.0,121000.0,360,1,0,unemployed,urban,0
9576.0,0.0,98000.0,360,1,1,unemployed,semiurban,1
6016.0,0.0,76000.0,240,1,0,salaried,urban,1
4606.0,0.0,59000.0,300,1,0,salaried,urban,1
3525.0,2988.0,182000.0,240,1,3,salaried,urban,0
5421.0,0.0,156000.0,360,1,0,salaried,urban,1
7675.0,0.0,201000.0,360,1,0,salaried,rural,1
3092.0,2617.0,130000.0,360,0,0,salaried,urban,0
4664.0,1908.0,33000.0,360,1,3,self_employed,semiurban,1
7216.0,0.0,62000.0,360,1,2,salaried,semiurban,1
1776.0,2058.0,134000.0,360,1,0,self_employed,urban,1
4542.0,1825.0,92000.0,360,1,1,salaried,rural,1
3772.0,0.0,85000.0,360,0,0,self_employed,semiurban,0
4372.0,1497.0,66000.0,120,1,1,salaried,semiurban,1
3638.0,802.0,167000.0,360,1,0,self_employed,urban,0
5008.0,2106.0,134000.0,360,1,0,unemployed,urban,1
12232.0,0.0,137000.0,180,1,1,salaried,rural,1
3976.0,0.0,82000.0,360,1,2,salaried,rural,1
5409.0,0.0,118000.0,360,1,0,salaried,rural,0
12675.0,0.0,60000.0,300,1,0,salaried,rural,1
3551.0,0.0,103000.0,360,1,3,unemployed,urban,1
11584.0,0.0,35000.0,300,1,0,salaried,rural,1
4688.0,1340.0,54000.0,360,1,0,self_employed,semiurban,1
11395.0,3118.0,94000.0,360,1,1,salaried,rural,1
6803.0,0.0,318000.0,180,1,0,salaried,urban,0
5451.0,0.0,49000.0,360,1,0,salaried,urban,0
4524.0,538.0,62000.0,240,1,0,self_employed,semiurban,1
3422.0,0.0,120000.0,240,1,0,self_employed,rural,1
4856.0,0.0,242000.0,360,1,1,salaried,semiurban,0
7322.0,9128.0,119000.0,120,1,2,salaried,urban,0
4645.0,6465.0,150000.0,360,1,0,self_employed,urban,0
3991.0,3277.0,94000.0,300,1,1,salaried,rural,1
4124.0,2565.0,87000.0,240,1,0,unemployed,semiurban,1
7679.0,543.0,113000.0,360,1,0,salaried,semiurban,1
8626.0,2230.0,81000.0,360,1,1,salaried,semiurban,1
3349.0,1360.0,151000.0,360,1,0,salaried,urban,1
3347.0,1128.0,53000.0,360,1,1,salaried,semiurban,1
5652.0,0.0,163000.0,360,1,0,salaried,semiurban,1
10034.0,0.0,111000.0,180,1,1,salaried,rural,1
8292.0,3672.0,99000.0,180,0,2,unemployed,rural,0
2500.0,515.0,52000.0,360,1,0,salaried,rural,1
4097.0,2106.0,70000.0,120,1,3,salaried,semiurban,1
2936.0,1080.0,187000.0,360,1,0,salaried,semiurban,0
4090.0,1500.0,99000.0,360,0,0,salaried,semiurban,0
10428.0,2473.0,124000.0,360,1,0,salaried,rural,1
2295.0,914.0,73000.0,360,1,2,salaried,semiurban,0
2081.0,0.0,108000.0,360,1,1,self_employed,semiurban,1
3089.0,1722.0,59000.0,120,1,3,salaried,semiurban,1
5397.0,0.0,114000.0,360,1,1,unemployed,semiurban,1
6377.0,1437.0,129000.0,360,1,0,salaried,semiurban,1
5818.0,1793.0,126000.0,300,1,2,self_employed,urban,0
8416.0,0.0,73000.0,360,1,3,salaried,semiurban,1
1936.0,2008.0,94000.0,360,1,2,salaried,semiurban,0
8469.0,0.0,139000.0,240,1,1,self_employed,urban,0
4000.0,0.0,99000.0,360,1,2,self_employed,rural,0
6740.0,0.0,96000.0,360,1,0,self_employed,semiurban,1
2412.0,2672.0,257000.0,180,0,2,salaried,urban,0
4687.0,1529.0,71000.0,360,1,3,self_employed,rural,1
5261.0,2213.0,177000.0,240,0,1,self_employed,semiurban,0
8332.0,974.0,65000.0,120,1,0,self_employed,semiurban,1
2116.0,1472.0,146000.0,240,1,0,salaried,urban,0
4748.0,0.0,150000.0,360,1,3,self_employed,rural,1
2717.0,0.0,87000.0,180,1,2,self_employed,urban,0
6019.0,2621.0,63000.0,180,1,1,unemployed,semiurban,1
6895.0,1403.0,45000.0,360,1,3,salaried,urban,1
8898.0,0.0,83000.0,360,1,1,salaried,semiurban,1
3578.0,0.0,138000.0,180,1,2,self_employed,semiurban,0
7432.0,15857.0,67000.0,240,0,0,salaried,semiurban,1
9232.0,1257.0,114000.0,360,1,0,self_employed,semiurban,1
2056.0,0.0,56000.0,360,1,1,salaried,rural,0
6350.0,0.0,98000.0,360,0,0,salaried,semiurban,1
7550.0,0.0,65000.0,180,1,0,self_employed,urban,1
4108.0,5092.0,105000.0,360,1,2,salaried,rural,1
2552.0,1240.0,87000.0,360,1,0,salaried,semiurban,1
7491.0,4892.0,64000.0,240,1,1,self_employed,rural,1
2566.0,3358.0,81000.0,240,0,0,self_employed,rural,0
4276.0,0.0,72000.0,300,1,2,self_employed,rural,0
4582.0,1665.0,60000.0,300,1,0,salaried,semiurban,1
6686.0,0.0,178000.0,240,1,1,salaried,semiurban,0
3418.0,0.0,93000.0,360,1,1,unemployed,urban,0
3320.0,0.0,40000.0,360,0,0,salaried,semiurban,1
4912.0,0.0,82000.0,360,1,0,salaried,semiurban,1
7733.0,0.0,165000.0,180,1,0,salaried,semiurban,1
14672.0,7998.0,77000.0,360,0,0,salaried,rural,1
2200.0,2382.0,214000.0,360,1,0,self_employed,urban,0
5473.0,3672.0,74000.0,360,0,0,self_employed,urban,0
2716.0,0.0,137000.0,360,1,1,self_employed,semiurban,0
7781.0,0.0,174000.0,360,1,0,salaried,semiurban,1
2924.0,2156.0,134000.0,300,0,0,salaried,urban,0
3336.0,3745.0,59000.0,360,1,0,salaried,urban,0
3482.0,3305.0,71000.0,360,0,0,salaried,rural,1
4500.0,2404.0,185000.0,360,1,1,salaried,semiurban,0
5495.0,0.0,76000.0,360,1,1,salaried,urban,1
5954.0,2617.0,169000.0,360,0,1,salaried,urban,1
4662.0,0.0,90000.0,360,1,0,salaried,semiurban,1
2404.0,0.0,116000.0,240,1,0,self_employed,urban,0
6727.0,13032.0,58000.0,240,1,0,salaried,semiurban,1
4553.0,680.0,83000.0,360,1,1,salaried,rural,1
8357.0,0.0,74000.0,360,1,0,self_employed,urban,1
3282.0,0.0,121000.0,360,0,2,self_employed,semiurban,0
2098.0,2190.0,114000.0,300,1,1,self_employed,urban,0
4596.0,12064.0,134000.0,360,1,1,salaried,urban,1
8937.0,0.0,87000.0,180,1,1,self_employed,rural,1
5067.0,0.0,72000.0,240,1,3,salaried,semiurban,1
4231.0,0.0,118000.0,180,1,0,salaried,rural,0
3025.0,0.0,69000.0,120,1,0,salaried,urban,0
11259.0,0.0,177000.0,360,0,2,salaried,urban,1
2794.0,1374.0,104000.0,300,1,1,salaried,semiurban,1
3253.0,0.0,94000.0,240,1,0,salaried,semiurban,1
6217.0,788.0,134000.0,360,0,0,self_employed,rural,0
1848.0,0.0,105000.0,300,1,0,salaried,urban,0
8842.0,0.0,52000.0,300,1,2,salaried,rural,1
6387.0,0.0,68000.0,300,0,0,salaried,rural,0
7329.0,5784.0,176000.0,120,1,0,salaried,semiurban,0
6180.0,0.0,113000.0,360,1,0,salaried,urban,0
4313.0,0.0,51000.0,180,1,3,salaried,semiurban,0
2747.0,0.0,128000.0,240,0,1,salaried,urban,0
4359.0,0.0,85000.0,240,0,0,self_employed,rural,0
2871.0,690.0,74000.0,300,1,2,unemployed,semiurban,1
5962.0,8333.0,65000.0,240,0,0,salaried,rural,0
6998.0,0.0,171000.0,300,1,2,self_employed,semiurban,1
9783.0,0.0,45000.0,240,1,1,self_employed,semiurban,1
5630.0,0.0,75000.0,180,1,0,unemployed,semiurban,0
7423.0,0.0,115000.0,360,0,2,salaried,semiurban,1
4030.0,2762.0,222000.0,300,0,3,self_employed,rural,0
3681.0,1120.0,140000.0,180,1,0,self_employed,urban,0
5924.0,0.0,75000.0,360,0,0,self_employed,rural,1
3854.0,1705.0,217000.0,180,1,2,salaried,rural,0
5349.0,0.0,59000.0,360,1,0,salaried,rural,1
2750.0,0.0,123000.0,180,1,1,salaried,semiurban,0
3008.0,0.0,136000.0,360,0,0,salaried,rural,0
6423.0,1174.0,73000.0,360,1,2,salaried,urban,1
7283.0,0.0,149000.0,240,1,1,salaried,semiurban,0
2856.0,887.0,87000.0,240,0,3,salaried,urban,0
6537.0,805.0,149000.0,360,1,0,salaried,urban,1
3582.0,1083.0,48000.0,360,1,3,self_employed,semiurban,1
4714.0,1013.0,127000.0,300,1,1,salaried,urban,1
9495.0,0.0,91000.0,360,1,1,salaried,urban,1
7001.0,0.0,183000.0,240,1,1,self_employed,rural,1
6960.0,3252.0,107000.0,360,1,0,self_employed,urban,1
12142.0,0.0,191000.0,240,0,1,unemployed,semiurban,0
3288.0,1069.0,137000.0,360,1,0,self_employed,urban,0
2856.0,0.0,103000.0,180,1,0,self_employed,semiurban,0
3258.0,0.0,156000.0,360,0,1,salaried,rural,0
4116.0,0.0,156000.0,240,1,0,salaried,urban,0
1440.0,1864.0,135000.0,360,0,1,salaried,semiurban,0
4214.0,733.0,39000.0,360,1,0,salaried,rural,1
3561.0,898.0,70000.0,360,0,0,unemployed,rural,0
6918.0,0.0,203000.0,360,1,1,salaried,urban,1
5576.0,0.0,62000.0,360,1,0,salaried,semiurban,1
3462.0,2897.0,162000.0,360,1,3,salaried,rural,1
6279.0,1093.0,150000.0,120,0,3,salaried,urban,0
6712.0,0.0,79000.0,360,0,0,salaried,rural,0
3183.0,1121.0,44000.0,360,1,0,salaried,urban,1
3654.0,0.0,84000.0,360,1,0,unemployed,rural,1
1537.0,0.0,278000.0,360,1,2,salaried,urban,0
2710.0,1634.0,74000.0,360,1,0,self_employed,urban,0
3225.0,8577.0,76000.0,360,0,3,self_employed,rural,0
4852.0,4795.0,70000.0,360,0,3,salaried,rural,0
2914.0,4997.0,188000.0,360,1,0,salaried,rural,1
3617.0,0.0,98000.0,300,0,1,self_employed,rural,0
2533.0,0.0,82000.0,360,1,0,salaried,semiurban,1
5093.0,3036.0,206000.0,360,1,1,self_employed,urban,1
5784.0,1565.0,142000.0,360,1,0,salaried,urban,1
5717.0,6255.0,72000.0,360,1,1,self_employed,semiurban,1
4704.0,2652.0,63000.0,360,1,0,self_employed,urban,1
2163.0,0.0,184000.0,360,1,2,salaried,rural,0
3429.0,0.0,110000.0,360,1,0,salaried,urban,1
3814.0,0.0,54000.0,360,1,1,unemployed,urban,0
3821.0,732.0,49000.0,360,1,3,salaried,urban,1
4854.0,0.0,66000.0,360,1,1,salaried,urban,1
9535.0,1754.0,62000.0,240,1,1,salaried,urban,1
7017.0,0.0,43000.0,360,1,0,salaried,semiurban,1
2853.0,0.0,67000.0,360,1,0,self_employed,urban,1
6563.0,0.0,72000.0,360,0,0,self_employed,semiurban,0
6439.0,3158.0,89000.0,360,1,3,salaried,rural,1
3124.0,966.0,234000.0,180,1,0,self_employed,semiurban,0
7147.0,0.0,97000.0,240,1,0,salaried,semiurban,1
4315.0,4420.0,101000.0,360,1,2,salaried,urban,1
2310.0,0.0,137000.0,360,1,0,salaried,urban,1
5870.0,1656.0,98000.0,360,1,2,unemployed,urban,1
5211.0,0.0,131000.0,240,1,0,salaried,rural,0
4172.0,1523.0,124000.0,360,1,0,salaried,semiurban,1
4588.0,0.0,115000.0,360,1,1,salaried,urban,0
3263.0,3445.0,379000.0,360,0,1,self_employed,semiurban,0
6343.0,1660.0,164000.0,240,1,3,salaried,rural,0
4575.0,1302.0,67000.0,300,1,0,salaried,semiurban,1
5081.0,1939.0,129000.0,360,1,0,self_employed,semiurban,1
5589.0,0.0,76000.0,360,1,0,salaried,rural,0
2625.0,0.0,133000.0,360,1,0,salaried,semiurban,0
2989.0,0.0,59000.0,300,0,1,salaried,semiurban,0
1548.0,0.0,66000.0,300,1,0,salaried,urban,0
6200.0,0.0,127000.0,300,1,1,salaried,urban,1
2550.0,2589.0,171000.0,360,0,2,self_employed,rural,0
4995.0,0.0,137000.0,300,1,0,self_employed,semiurban,1
5628.0,3329.0,160000.0,360,1,1,self_employed,urban,1
6318.0,0.0,129000.0,360,1,0,unemployed,semiurban,1
2561.0,556.0,118000.0,360,1,2,salaried,urban,1
4525.0,0.0,87000.0,300,0,0,salaried,rural,0
10777.0,614.0,157000.0,360,1,1,unemployed,urban,1
11017.0,3247.0,173000.0,360,0,0,salaried,rural,1
7659.0,1679.0,106000.0,240,1,0,self_employed,semiurban,1
5534.0,7301.0,104000.0,360,1,0,self_employed,urban,1
2828.0,4230.0,223000.0,300,1,0,salaried,urban,0
6696.0,951.0,108000.0,360,1,2,salaried,rural,1
4320.0,486.0,113000.0,360,1,0,salaried,urban,1
6187.0,0.0,136000.0,120,1,3,salaried,urban,0
3407.0,850.0,104000.0,360,1,0,salaried,semiurban,1
4288.0,0.0,75000.0,360,1,0,salaried,urban,1
5075.0,1984.0,129000.0,360,0,0,self_employed,urban,0
5288.0,0.0,107000.0,240,1,0,self_employed,urban,0
5984.0,1637.0,250000.0,180,1,2,self_employed,rural,0
3500.0,1762.0,156000.0,360,0,0,salaried,urban,0
2388.0,0.0,83000.0,360,1,2,salaried,urban,1
10534.0,0.0,151000.0,360,0,0,salaried,urban,0
16230.0,2485.0,125000.0,240,0,0,salaried,urban,0
5847.0,953.0,197000.0,360,1,0,unemployed,urban,1
2411.0,6221.0,86000.0,240,1,1,salaried,urban,0
3176.0,1628.0,119000.0,360,1,1,salaried,urban,1
6030.0,1453.0,104000.0,120,1,3,self_employed,urban,0
9141.0,0.0,112000.0,300,1,0,salaried,rural,1
2549.0,3115.0,73000.0,240,1,0,salaried,urban,1
4393.0,0.0,141000.0,360,0,2,salaried,urban,0
5156.0,2143.0,132000.0,300,1,1,self_employed,rural,1
7203.0,1507.0,195000.0,360,1,2,self_employed,rural,1
3937.0,1336.0,109000.0,180,1,0,salaried,semiurban,0
2139.0,1543.0,91000.0,360,0,1,self_employed,urban,0
6378.0,2763.0,156000.0,360,1,0,self_employed,urban,1
8204.0,0.0,76000.0,120,0,3,self_employed,urban,0
4486.0,0.0,178000.0,120,0,0,salaried,urban,0
5725.0,3883.0,178000.0,300,1,2,salaried,urban,1
3688.0,1891.0,192000.0,360,1,0,self_employed,semiurban,1
3063.0,0.0,129000.0,360,1,2,salaried,urban,0
7810.0,2296.0,88000.0,180,1,2,salaried,semiurban,1
5675.0,772.0,115000.0,360,1,2,self_employed,urban,0
5974.0,0.0,129000.0,360,1,0,salaried,urban,1
9908.0,679.0,85000.0,360,0,0,self_employed,rural,1
2759.0,973.0,199000.0,360,1,2,unemployed,rural,0
3547.0,486.0,142000.0,360,1,1,self_employed,urban,1
5059.0,0.0,73000.0,360,1,1,salaried,semiurban,1
3526.0,6166.0,255000.0,360,1,0,self_employed,urban,1
6916.0,0.0,114000.0,240,1,0,salaried,urban,0
4257.0,3135.0,67000.0,360,1,0,self_employed,semiurban,0
2846.0,10369.0,75000.0,360,1,1,self_employed,urban,0
4831.0,2651.0,213000.0,360,1,0,self_employed,semiurban,1
5091.0,0.0,248000.0,300,1,0,salaried,semiurban,1
7460.0,1288.0,172000.0,360,1,2,salaried,urban,0
5691.0,0.0,198000.0,180,1,1,salaried,urban,0
5887.0,1283.0,189000.0,360,1,2,salaried,urban,1
5487.0,1352.0,140000.0,300,1,0,salaried,rural,0
4255.0,3983.0,127000.0,360,0,0,salaried,semiurban,1
3268.0,4098.0,139000.0,360,1,1,salaried,urban,1
5401.0,631.0,152000.0,120,1,0,self_employed,urban,0
3958.0,0.0,78000.0,240,0,1,self_employed,semiurban,0
10883.0,0.0,152000.0,120,1,0,salaried,urban,0
9146.0,0.0,210000.0,360,0,1,self_employed,semiurban,0
6415.0,0.0,99000.0,360,1,0,self_employed,semiurban,1
5649.0,13245.0,95000.0,360,1,1,salaried,semiurban,1
4474.0,0.0,135000.0,360,1,2,salaried,urban,0
2489.0,1494.0,81000.0,360,1,0,self_employed,urban,0
4196.0,0.0,60000.0,300,0,0,unemployed,urban,0
4918.0,0.0,183000.0,360,0,0,self_employed,semiurban,0
5243.0,1810.0,89000.0,360,1,1,self_employed,rural,1
5912.0,0.0,110000.0,180,1,0,unemployed,urban,1
7411.0,0.0,83000.0,360,1,0,salaried,semiurban,0
3307.0,2178.0,194000.0,360,1,2,self_employed,semiurban,0
3322.0,0.0,160000.0,360,1,1,salaried,urban,0
9657.0,4865.0,98000.0,360,0,1,unemployed,urban,0
6874.0,2006.0,64000.0,180,1,0,salaried,urban,1
3845.0,830.0,93000.0,360,1,3,salaried,semiurban,0
4431.0,0.0,141000.0,240,1,0,self_employed,semiurban,0
4441.0,462.0,119000.0,360,0,0,salaried,semiurban,0
4749.0,0.0,115000.0,240,0,1,self_employed,rural,0
5921.0,3118.0,120000.0,360,1,0,salaried,semiurban,1
16606.0,1681.0,154000.0,360,1,1,unemployed,rural,0
5140.0,0.0,107000.0,240,0,0,self_employed,semiurban,0
6511.0,504.0,134000.0,300,1,0,salaried,rural,0
2012.0,0.0,70000.0,240,0,1,self_employed,rural,0
3669.0,1432.0,344000.0,360,0,0,salaried,semiurban,0
8642.0,0.0,96000.0,360,1,1,salaried,rural,1
5717.0,0.0,120000.0,300,1,1,self_employed,rural,0
521.0,3132.0,141000.0,360,1,0,self_employed,semiurban,0
6549.0,5878.0,91000.0,360,0,1,salaried,semiurban,1
12199.0,1544.0,109000.0,360,1,2,salaried,semiurban,1
1723.0,0.0,109000.0,360,0,2,self_employed,rural,0
9994.0,0.0,72000.0,360,1,0,salaried,semiurban,1
1169.0,938.0,133000.0,360,0,1,salaried,rural,0
7473.0,3384.0,52000.0,240,1,2,salaried,rural,1
4655.0,0.0,240000.0,180,1,1,salaried,rural,0
1444.0,2984.0,156000.0,360,1,0,self_employed,urban,0
5843.0,0.0,145000.0,360,1,0,salaried,semiurban,1
8312.0,0.0,50000.0,180,1,1,salaried,semiurban,0
5608.0,1917.0,76000.0,360,0,2,unemployed,rural,0
6263.0,2078.0,204000.0,300,1,2,salaried,rural,1
3805.0,2854.0,706000.0,360,0,2,self_employed,semiurban,0
1843.0,1257.0,187000.0,360,1,0,salaried,semiurban,0
6607.0,0.0,174000.0,360,1,1,self_employed,urban,1
11214.0,0.0,138000.0,360,0,0,self_employed,rural,1
8224.0,0.0,75000.0,240,1,0,self_employed,urban,1
1730.0,1502.0,171000.0,240,0,0,salaried,semiurban,0
2192.0,1886.0,66000.0,240,0,3,salaried,rural,0
3063.0,0.0,63000.0,360,1,0,self_employed,semiurban,1
2108.0,1465.0,62000.0,300,0,0,salaried,urban,0
4780.0,1436.0,169000.0,360,1,0,salaried,urban,1
5691.0,605.0,106000.0,240,1,0,salaried,rural,1
2287.0,0.0,114000.0,360,1,1,unemployed,semiurban,1
6895.0,0.0,108000.0,300,0,0,self_employed,urban,0
6314.0,3588.0,66000.0,360,1,0,self_employed,semiurban,1
3554.0,0.0,81000.0,360,1,0,self_employed,urban,1
4289.0,3901.0,83000.0,360,0,2,salaried,rural,1
1764.0,3334.0,58000.0,360,1,1,salaried,urban,1
3959.0,4355.0,87000.0,360,0,2,salaried,urban,1
4692.0,0.0,67000.0,240,1,0,self_employed,urban,1
5087.0,5997.0,141000.0,360,1,0,salaried,semiurban,1
5650.0,1774.0,147000.0,360,1,0,self_employed,semiurban,1
5282.0,789.0,61000.0,360,1,3,self_employed,semiurban,1
4096.0,0.0,95000.0,360,1,0,salaried,semiurban,1
5394.0,0.0,252000.0,240,1,0,salaried,urban,0
7716.0,5997.0,70000.0,360,0,3,salaried,urban,0
4457.0,0.0,132000.0,300,1,3,unemployed,urban,0
5480.0,7800.0,114000.0,300,1,0,self_employed,rural,1
4260.0,3084.0,178000.0,300,1,2,unemployed,urban,1
3383.0,0.0,125000.0,360,1,0,salaried,rural,1
6072.0,0.0,90000.0,300,1,0,salaried,urban,1
3542.0,2479.0,112000.0,360,1,0,salaried,urban,1
5671.0,0.0,113000.0,360,0,3,salaried,urban,0
4742.0,2317.0,105000.0,360,0,0,salaried,urban,1
4016.0,0.0,60000.0,180,0,2,salaried,rural,0
3968.0,0.0,191000.0,360,1,0,unemployed,semiurban,0
3626.0,0.0,176000.0,360,1,1,salaried,urban,0
2053.0,3845.0,68000.0,360,1,1,salaried,semiurban,1
5662.0,0.0,95000.0,360,1,2,self_employed,semiurban,0
5249.0,0.0,99000.0,300,1,3,salaried,rural,1
7150.0,4637.0,65000.0,360,0,2,self_employed,rural,1
3584.0,7399.0,47000.0,120,1,1,self_employed,semiurban,1
12061.0,0.0,81000.0,360,1,0,self_employed,rural,1
3867.0,6499.0,93000.0,180,1,3,self_employed,rural,0
3018.0,0.0,57000.0,360,0,0,salaried,semiurban,0
2845.0,2002.0,118000.0,360,1,0,self_employed,semiurban,0
1965.0,0.0,184000.0,180,0,1,salaried,urban,0
10060.0,1994.0,159000.0,360,1,0,salaried,semiurban,0
9279.0,0.0,103000.0,300,1,1,salaried,rural,1
6313.0,0.0,48000.0,360,0,0,salaried,urban,0
2987.0,917.0,151000.0,360,1,0,self_employed,rural,1
11564.0,0.0,117000.0,360,1,3,salaried,rural,0
3921.0,0.0,132000.0,360,1,3,salaried,urban,0
4087.0,1553.0,261000.0,360,1,0,salaried,semiurban,0
9591.0,1344.0,75000.0,360,1,3,self_employed,rural,1
6499.0,0.0,30000.0,360,0,0,salaried,rural,0
14052.0,0.0,68000.0,300,0,0,self_employed,urban,0
5294.0,906.0,136000.0,300,1,2,self_employed,urban,1
3833.0,0.0,110000.0,360,1,1,salaried,semiurban,1
3443.0,3898.0,63000.0,360,1,2,self_employed,urban,0
1857.0,763.0,58000.0,360,1,0,salaried,urban,0
4067.0,0.0,93000.0,360,1,0,salaried,urban,1
8286.0,6197.0,62000.0,360,1,0,self_employed,urban,1
6307.0,6207.0,138000.0,360,0,3,self_employed,semiurban,1
4723.0,3349.0,91000.0,360,1,0,salaried,semiurban,1
2843.0,3282.0,82000.0,360,1,0,salaried,semiurban,0
5237.0,9666.0,78000.0,360,0,0,salaried,rural,1
7757.0,0.0,123000.0,300,1,1,salaried,urban,1
5799.0,1444.0,111000.0,360,1,0,self_employed,urban,1
5082.0,0.0,119000.0,360,1,2,salaried,urban,1
3139.0,0.0,118000.0,360,1,1,self_employed,urban,0
7213.0,4759.0,106000.0,300,1,0,salaried,urban,1
977.0,1944.0,69000.0,360,1,0,self_employed,urban,1
5661.0,0.0,79000.0,240,1,0,self_employed,urban,1
16902.0,1649.0,91000.0,180,1,1,self_employed,urban,1
2199.0,1386.0,276000.0,360,1,2,salaried,semiurban,0
4144.0,0.0,59000.0,360,1,0,salaried,semiurban,1
4657.0,0.0,90000.0,120,1,1,salaried,rural,1
3710.0,0.0,114000.0,360,1,0,salaried,rural,1
7849.0,3894.0,95000.0,360,1,2,salaried,semiurban,1
5921.0,3157.0,177000.0,360,1,3,salaried,urban,0
5045.0,4314.0,95000.0,360,1,2,self_employed,semiurban,1
6965.0,0.0,98000.0,360,1,0,salaried,urban,1
4714.0,608.0,157000.0,360,1,0,self_employed,semiurban,0
22924.0,1992.0,246000.0,360,1,3,salaried,urban,1
5043.0,15202.0,206000.0,360,0,0,self_employed,semiurban,0
5155.0,0.0,103000.0,240,1,1,salaried,urban,1
1988.0,0.0,107000.0,300,1,3,salaried,semiurban,0
3563.0,2690.0,111000.0,360,1,2,salaried,rural,1
8297.0,3325.0,117000.0,240,1,1,unemployed,semiurban,0
2398.0,767.0,75000.0,360,1,1,salaried,semiurban,1
1590.0,5212.0,166000.0,240,1,3,salaried,semiurban,1
4751.0,1777.0,120000.0,360,1,0,salaried,urban,0
9278.0,1875.0,107000.0,360,0,2,self_employed,semiurban,0
4775.0,0.0,62000.0,360,1,0,salaried,semiurban,1
3952.0,0.0,112000.0,360,0,2,salaried,urban,0
1846.0,0.0,47000.0,360,1,2,salaried,urban,0
5861.0,0.0,84000.0,360,1,1,unemployed,rural,1
6507.0,2505.0,85000.0,240,1,0,salaried,semiurban,1
1918.0,478.0,124000.0,360,1,0,salaried,semiurban,1
8244.0,1618.0,254000.0,360,1,2,unemployed,semiurban,0
6856.0,0.0,141000.0,240,1,1,salaried,urban,0
8235.0,2997.0,209000.0,120,1,0,salaried,semiurban,0
6259.0,4145.0,146000.0,360,1,2,salaried,urban,1
6482.0,3085.0,181000.0,240,1,3,salaried,semiurban,1
6065.0,10799.0,252000.0,360,1,2,salaried,semiurban,1
7217.0,0.0,78000.0,240,1,1,salaried,urban,1
1883.0,0.0,76000.0,360,0,3,self_employed,rural,0
2207.0,1470.0,147000.0,360,1,2,self_employed,urban,0
3236.0,0.0,109000.0,360,0,0,salaried,semiurban,0
4381.0,1914.0,120000.0,360,1,3,salaried,semiurban,1
5676.0,6655.0,98000.0,240,1,1,salaried,semiurban,1
5499.0,1378.0,83000.0,360,1,3,unemployed,semiurban,1
8173.0,0.0,226000.0,360,1,2,salaried,rural,1
8302.0,0.0,67000.0,360,1,1,self_employed,semiurban,1
3022.0,1953.0,149000.0,300,1,0,salaried,semiurban,1
5267.0,0.0,138000.0,180,1,0,self_employed,semiurban,0
3060.0,2399.0,54000.0,360,1,0,salaried,urban,1
4255.0,2564.0,75000.0,360,1,1,self_employed,urban,1
5491.0,0.0,81000.0,240,1,2,salaried,semiurban,1
850.0,0.0,141000.0,360,1,0,self_employed,urban,0
15609.0,0.0,92000.0,120,0,0,salaried,urban,1
6206.0,0.0,105000.0,360,1,1,self_employed,urban,1
3471.0,3602.0,57000.0,300,1,0,self_employed,semiurban,1
12255.0,0.0,311000.0,300,1,0,unemployed,urban,0
3930.0,0.0,113000.0,240,1,0,salaried,rural,0
4995.0,3145.0,137000.0,240,0,1,salaried,semiurban,0
3664.0,3596.0,86000.0,360,1,1,salaried,semiurban,1
10679.0,0.0,81000.0,240,1,2,salaried,urban,1
4436.0,1874.0,258000.0,360,1,0,salaried,semiurban,1
5038.0,2757.0,46000.0,360,1,0,unemployed,urban,1
8535.0,0.0,124000.0,360,1,2,unemployed,semiurban,0
6264.0,0.0,63000.0,360,1,3,salaried,urban,1
4550.0,0.0,91000.0,240,1,0,self_employed,rural,1
8145.0,0.0,82000.0,120,1,2,self_employed,urban,1
16635.0,3524.0,70000.0,360,0,2,unemployed,semiurban,0
5479.0,0.0,111000.0,360,0,2,salaried,urban,0
4956.0,583.0,34000.0,360,1,0,salaried,semiurban,1
5091.0,0.0,95000.0,360,1,0,self_employed,semiurban,1
9002.0,4729.0,105000.0,360,1,0,salaried,urban,1
3465.0,0.0,59000.0,360,1,2,salaried,urban,1
4068.0,0.0,216000.0,360,1,2,unemployed,urban,0
2167.0,0.0,83000.0,360,1,0,unemployed,urban,0
2587.0,2124.0,98000.0,360,1,0,self_employed,rural,1
3609.0,851.0,84000.0,360,1,0,self_employed,urban,1
4546.0,2057.0,105000.0,360,1,1,salaried,urban,1
11322.0,1820.0,197000.0,300,1,2,salaried,rural,1
6112.0,0.0,332000.0,240,1,0,salaried,urban,0
2963.0,14445.0,153000.0,300,1,1,salaried,urban,1
3249.0,0.0,178000.0,360,0,1,salaried,semiurban,0
9296.0,1414.0,236000.0,360,1,2,self_employed,rural,0
8212.0,3938.0,122000.0,240,1,2,salaried,semiurban,1
4741.0,0.0,221000.0,360,0,0,self_employed,semiurban,0
3747.0,4396.0,156000.0,300,1,1,salaried,rural,1
8205.0,862.0,116000.0,360,0,2,salaried,urban,0
2845.0,2321.0,128000.0,300,0,3,salaried,rural,0
5687.0,535.0,48000.0,360,0,1,salaried,rural,1
14564.0,0.0,124000.0,360,0,0,self_employed,rural,1
5181.0,636.0,54000.0,360,1,1,salaried,urban,1
3172.0,1139.0,53000.0,360,1,1,salaried,urban,1
5740.0,0.0,119000.0,300,0,0,self_employed,semiurban,1
3696.0,2728.0,66000.0,360,0,3,salaried,semiurban,0
2328.0,0.0,109000.0,240,1,0,salaried,semiurban,0
6638.0,5787.0,116000.0,360,1,2,salaried,rural,1
8176.0,0.0,118000.0,360,1,0,salaried,semiurban,1
4002.0,3138.0,73000.0,360,0,0,self_employed,urban,0
3871.0,845.0,163000.0,360,1,1,salaried,urban,1
2891.0,0.0,105000.0,300,1,1,salaried,urban,0
4337.0,0.0,133000.0,360,1,2,salaried,urban,1
3529.0,0.0,64000.0,300,1,1,salaried,urban,1
2820.0,0.0,101000.0,360,0,0,salaried,rural,0
12041.0,2861.0,179000.0,360,1,3,self_employed,semiurban,1
5903.0,0.0,169000.0,360,1,1,salaried,semiurban,0
6224.0,0.0,76000.0,360,1,0,salaried,urban,1
7271.0,1743.0,85000.0,360,0,2,salaried,semiurban,1
6874.0,4322.0,70000.0,240,1,0,salaried,rural,1
3803.0,3817.0,81000.0,360,1,0,salaried,rural,1
5358.0,0.0,58000.0,360,1,1,self_employed,semiurban,1
4087.0,1627.0,103000.0,360,0,1,self_employed,rural,1
5821.0,339.0,145000.0,120,1,1,salaried,semiurban,0
5546.0,0.0,77000.0,300,1,3,salaried,semiurban,1
3861.0,0.0,105000.0,360,1,0,self_employed,rural,0
2405.0,4409.0,99000.0,360,0,3,salaried,urban,0
5030.0,0.0,175000.0,360,1,0,salaried,urban,1
4221.0,1434.0,83000.0,300,1,0,salaried,urban,0
1817.0,0.0,84000.0,180,0,0,self_employed,semiurban,0
6026.0,1716.0,75000.0,360,0,0,self_employed,semiurban,0
7575.0,2367.0,65000.0,300,1,0,salaried,semiurban,0
16551.0,0.0,138000.0,180,1,2,unemployed,semiurban,1
3845.0,3089.0,103000.0,180,1,2,salaried,urban,0
3571.0,633.0,112000.0,240,1,1,salaried,rural,0
2685.0,555.0,194000.0,240,1,0,salaried,urban,0
5189.0,0.0,199000.0,360,1,2,salaried,rural,1
5173.0,0.0,52000.0,300,1,0,salaried,urban,1
3116.0,0.0,146000.0,360,1,1,salaried,semiurban,0
4284.0,0.0,121000.0,360,0,1,salaried,semiurban,0
1738.0,0.0,89000.0,360,1,0,self_employed,rural,0
7429.0,2236.0,126000.0,360,0,1,salaried,urban,0
3180.0,2352.0,50000.0,360,1,3,salaried,rural,1
4595.0,0.0,211000.0,360,1,0,self_employed,semiurban,1
2291.0,0.0,138000.0,360,1,1,salaried,semiurban,0
3494.0,0.0,74000.0,360,1,3,self_employed,semiurban,0
4065.0,0.0,84000.0,360,1,0,self_employed,urban,1
4649.0,3345.0,51000.0,360,1,0,self_employed,semiurban,1
5942.0,0.0,95000.0,360,1,0,salaried,urban,1
9600.0,0.0,88000.0,300,1,2,salaried,urban,0
6744.0,0.0,60000.0,240,1,0,salaried,semiurban,1
7563.0,0.0,155000.0,300,1,0,salaried,semiurban,1
9634.0,0.0,194000.0,360,1,0,salaried,urban,1
6216.0,0.0,108000.0,360,1,3,salaried,urban,1
4590.0,3003.0,95000.0,360,1,2,salaried,urban,1
7743.0,0.0,133000.0,180,1,1,salaried,urban,0
7994.0,1983.0,108000.0,300,1,3,salaried,semiurban,1
6466.0,782.0,67000.0,300,0,1,self_employed,urban,1
2259.0,2620.0,81000.0,360,1,3,unemployed,rural,0
3069.0,537.0,95000.0,300,1,0,salaried,urban,1
4075.0,2550.0,122000.0,120,1,0,unemployed,urban,0
6904.0,0.0,110000.0,180,1,2,salaried,rural,1
4625.0,0.0,120000.0,360,1,0,unemployed,urban,1
8254.0,0.0,55000.0,240,1,0,unemployed,semiurban,1
9024.0,2343.0,147000.0,360,1,2,salaried,rural,1
8515.0,631.0,109000.0,360,0,1,self_employed,rural,0
8542.0,0.0,344000.0,360,1,0,unemployed,semiurban,0
2784.0,0.0,92000.0,360,1,0,self_employed,urban,1
5951.0,610.0,126000.0,120,0,0,unemployed,semiurban,0
3450.0,0.0,390000.0,300,1,0,salaried,rural,0
2050.0,0.0,119000.0,360,1,0,salaried,rural,0
4049.0,0.0,106000.0,240,1,1,self_employed,urban,1
9067.0,0.0,70000.0,360,1,2,salaried,urban,1
5886.0,0.0,217000.0,360,0,0,salaried,urban,0
12822.0,0.0,65000.0,180,1,0,salaried,urban,1
5108.0,943.0,132000.0,240,1,1,salaried,semiurban,0
15897.0,1468.0,88000.0,360,1,0,salaried,urban,1
5109.0,792.0,100000.0,360,1,0,self_employed,urban,0
4728.0,0.0,57000.0,360,1,0,salaried,urban,1
2466.0,0.0,200000.0,300,1,1,self_employed,semiurban,0
8146.0,1840.0,96000.0,360,1,0,self_employed,urban,1
3637.0,0.0,63000.0,240,1,0,salaried,semiurban,1
3383.0,779.0,192000.0,300,0,1,salaried,urban,0
8872.0,1831.0,87000.0,360,0,2,salaried,rural,1
8342.0,0.0,127000.0,360,0,1,unemployed,urban,0
8234.0,1523.0,159000.0,360,1,3,self_employed,semiurban,1
3901.0,1567.0,135000.0,360,0,1,salaried,urban,0
4557.0,3610.0,41000.0,240,0,0,salaried,urban,1
4537.0,1459.0,149000.0,360,1,0,salaried,urban,1
6914.0,0.0,104000.0,180,1,0,salaried,urban,1
10166.0,0.0,94000.0,360,1,0,unemployed,urban,1
5620.0,0.0,104000.0,120,0,0,self_employed,semiurban,0
12550.0,0.0,53000.0,360,0,0,salaried,semiurban,1
7322.0,1529.0,119000.0,240,0,1,self_employed,urban,1
4157.0,0.0,59000.0,360,1,1,salaried,semiurban,0
7075.0,2955.0,96000.0,240,0,0,self_employed,semiurban,1
10971.0,1696.0,117000.0,360,1,1,salaried,urban,0
12697.0,0.0,177000.0,360,1,0,salaried,urban,1
8463.0,599.0,75000.0,360,1,1,unemployed,urban,1
4735.0,2916.0,210000.0,360,0,1,salaried,urban,0
4195.0,1228.0,167000.0,300,0,0,self_employed,semiurban,0
6236.0,0.0,90000.0,360,1,0,unemployed,rural,1
10797.0,5022.0,66000.0,360,1,3,salaried,rural,1
5807.0,1752.0,57000.0,240,1,1,salaried,rural,1
5868.0,0.0,123000.0,360,1,1,self_employed,semiurban,1
4797.0,1975.0,78000.0,360,0,0,salaried,urban,0
3968.0,0.0,187000.0,360,1,0,salaried,urban,0
4311.0,1602.0,80000.0,360,1,0,salaried,urban,1
5003.0,0.0,73000.0,360,1,3,self_employed,urban,1
11037.0,0.0,121000.0,360,1,0,salaried,urban,1
4147.0,2831.0,80000.0,360,0,0,salaried,semiurban,1
4800.0,0.0,110000.0,360,1,3,self_employed,urban,1
3033.0,628.0,170000.0,240,1,0,salaried,urban,0
